year,wage_share,profit_share,rent_share,gini_income,gini_wealth,palma_ratio,p90_p10_ratio,income_q1_share,income_q2_share,income_q3_share,income_q4_share,income_q5_share,income_top10_pct,income_top1_pct,income_top01_pct,wealth_q1_share,wealth_q2_share,wealth_q3_share,wealth_q4_share,wealth_q5_share,wealth_top10_pct,wealth_top1_pct,wealth_top01_pct,wealth_negative_share,median_to_mean_income,median_to_mean_wealth,bottom_q_wage_pct,bottom_q_transfer_pct,bottom_q_capital_pct,middle_q_wage_pct,middle_q_transfer_pct,middle_q_capital_pct,top_q_wage_pct,top_q_transfer_pct,top_q_capital_pct,poverty_rate,child_poverty_rate,elderly_poverty_rate,poverty_gap,intergenerational_elasticity,gender_wage_ratio,racial_wage_ratio,ceo_worker_pay_ratio,financial_wealth_pct,housing_wealth_pct,business_wealth_pct,homeownership_bottom_q,homeownership_middle_q,homeownership_top_q
1970,67.12869996267234,27.71706140762559,5.154238629702067,0.34849766505928664,0.7210533032641763,1.087881450673652,3.8039909698228307,10.340254328674503,12.386622009698076,17.541261184955808,23.72682819526509,36.00503428140654,24.724147200269456,7.932686355735475,2.153315715871357,0.5578933934716475,2.1447334836791185,5.289466967358237,24.90257582907337,67.10533032641763,59.22305244020564,25.329880020434054,10.304252134120159,7.251336842462673,0.8473668993517409,0.23248175134546661,56.991823254131226,33.31012378607405,6.371112327557265,88.28435574501448,8.742443863952694,5.29949061305128,60.52635783087524,25.164738896246504,14.308903272878254,10.159056179620208,13.99272113475705,24.949986320781065,26.867989478107116,0.3227729967484461,60.85077263990176,70.31639601026245,32.57159014506524,33.44516157842337,51.24570332881231,15.309135092764322,39.82990790061157,65.62906645866579,85.39705373072707
1971,67.60707779835367,27.039033243759427,5.353888957886903,0.3523557752538429,0.7403072063731175,1.129792058339215,4.1754550148230605,10.260705664869219,12.346847677795434,17.501486853053162,23.687053863362443,36.20390594091973,25.541834225022697,8.112002263491915,2.3652947602491827,0.5193855872537648,2.048463968134412,5.096927936268825,23.304501871031242,69.03072063731175,60.175693999985604,26.19538324529111,11.172636570561146,7.245697750519107,0.8261279835043331,0.27076402092350826,57.70228727632433,33.36315010711748,3.3188977622431493,86.15765604394211,7.751963848659625,3.5281635269127847,58.22529152304281,25.757243702453415,16.01746477450377,9.603761625409348,13.375879753520948,24.44412314419306,23.382303573386775,0.3481992148801342,60.0,71.11245019087171,32.84644017485249,34.81878852831822,47.73967092912247,17.44154054255931,38.293925295425204,63.18046666832041,84.27785133808256
1972,68.11879556445031,26.400123359462516,5.481081076087175,0.3522918393477242,0.7574170290919197,1.1709049138459957,4.32774738152026,10.262023930974758,12.347506810848202,17.502145986105937,23.68771299641521,36.20061027565588,26.473610645352604,8.686214508311563,2.318466495628928,0.48516594181616074,1.9629148545404016,4.925829709080803,21.884386585370667,70.74170290919197,63.38270651627017,25.594578185736086,11.515378443114258,9.283255123118666,0.850244772009964,0.19142193135570834,57.42535533979935,32.98998195019925,4.624024186786125,84.9963955265909,11.130435194192941,5.7813711901754985,59.23100969377146,22.21781439775881,18.551175908469727,11.085869559937581,14.859572915874445,23.807043953212006,23.26954159454416,0.36378880407921127,62.29800427155376,72.78493116458883,47.225542059552296,38.35160047310473,47.11578469786762,14.53261482902765,39.26266675984044,66.35364568854106,86.03953592812992
1973,67.12903969343972,27.77341777540625,5.097542531154026,0.3699418048128983,0.7744056371066437,1.25553272545371,4.275312485174212,9.898107117259828,12.165548403990739,17.320187579248472,23.505754589557746,37.11040230994321,27.701641550067524,9.111674617997748,2.702180674582317,0.4511887257867127,1.877971814466782,4.755943628933564,20.474332120148578,72.44056371066438,62.750115135024885,28.030565316765717,12.927901554210173,8.49036419620573,0.8379379103164685,0.21987567079472536,61.99462682316147,36.52558933353228,5.649471567735954,84.52242155714606,10.989520790901246,7.522646709482407,58.64520671410405,21.652410693388894,19.702382592507057,11.762503322736794,14.353429931020605,23.226764972690756,25.353918244824612,0.41556599512941206,62.73365239003211,68.9803522130527,72.69047050456957,41.95591228730115,48.02688860853832,10.017199104160525,40.60493335275147,65.2266289656199,84.29166772700466
1974,66.09833077373172,28.434809879534463,5.466859346733818,0.3503608150212315,0.7754685095765528,1.216055795119715,4.2208061582056065,10.301838865541619,12.367414278131633,17.522053453389365,23.707620463698646,36.10107293923874,27.567076656399678,8.789532409321213,2.9445977090546767,0.4490629808468944,1.872657452117236,4.745314904234473,20.38611370514612,72.54685095765528,64.13189915941759,28.898102970590564,13.583232181166332,8.187958809603622,0.840165512267264,0.19378753227776802,59.1436027724699,37.834860881134766,5.9347415376698835,87.44526417919528,12.199377229814266,3.8922179614089,57.805164643495715,28.03545587979263,14.159379476711656,12.406607554778562,16.28745665921673,23.220176061585413,24.18355747630916,0.3883809394596108,62.85610338154046,71.49632091993887,68.87695600836973,39.71520504589087,50.32993485058957,9.954860103519565,37.96739341962782,64.28713140375112,84.8129689267655
1975,63.747858224171374,30.7900252450198,5.4621165308088235,0.36474269980200724,0.7526669406705393,1.2472047763044638,4.415055854775936,10.005305158721498,12.219147424721575,17.373786599979308,23.559353610288582,36.84240720628903,27.718443412822282,9.915302033362249,3.281706367952335,0.4946661186589214,1.9866652966473035,4.973330593294607,22.27864392434524,70.26669406705393,65.04258424777727,28.44711937667919,14.014522650218277,9.817004195032888,0.8104493042159672,0.2031115234307561,59.00089352129915,36.825564294474106,4.5784346255873265,85.55218384622576,10.163460219706526,6.491003125613277,55.59021699472062,25.225986135552247,19.183796869727132,12.54302021098581,17.112451742859257,23.434822526850194,25.251693381812085,0.3483000440114105,63.53794048813546,71.16469388287942,102.86294606656872,41.66074425443101,48.42115430831089,9.918101437258102,38.128852987904,62.596652769038705,85.3243185974964
1976,63.32874504184262,30.919987645098566,5.751267313058812,0.3741066163797951,0.7838830870270173,1.2588800263384847,4.394221650698073,9.812234713818658,12.122612202270155,17.27725137752789,23.462818387837164,37.32508331854614,27.613340663456516,9.37610766783791,3.340662902669053,0.43223382594596543,1.8305845648649135,4.661169129729828,19.687703776757566,73.38830870270172,64.8397146806149,30.928844136299613,15.024150705362883,9.46387673960447,0.8273715851412021,0.23120871910111412,58.78685544042791,37.19979685767191,5.369271932661314,84.42578585189706,10.447618718092475,4.272516517500764,58.09663922620768,22.67741637763635,19.22594439615597,13.334234870184204,16.800860374426776,20.82350599665199,25.813266738161698,0.39473207031932595,65.20447879838014,70.93929824827502,118.50607009170564,41.3773509537823,47.45316657482362,11.169482471394083,35.99223694592665,62.115515625508394,87.08279572532773
1977,64.39293973451443,29.849270316772724,5.7577899487128485,0.36887790809837734,0.7832946529414471,1.2929330175625136,4.338631829880086,9.92004313199222,12.176516411356936,17.331155586614667,23.516722596923945,37.05556227311224,28.569371408132177,10.356426453396546,3.1430601192452894,0.43341069411710587,1.8335267352927649,4.667053470585529,19.736543805859895,73.32946529414471,65.2596931754876,30.700260770889933,15.170944545186874,9.54724793418385,0.8166839652140948,0.2531531305956324,61.37155680239882,35.27460870123511,6.438098691042828,85.86713152256235,9.496710372710028,4.981174315682645,59.96038941715497,18.727796137233256,21.311814445611773,12.433049312510041,15.534495600616388,19.637485534076323,29.46897705539166,0.4194574453941971,65.69115268162948,70.45836724204084,104.04818670537507,43.318303007954654,48.293051367831815,8.388645624213531,36.330298553958734,64.35898005292918,84.62601107165456
1978,65.16677210592204,29.103929049424597,5.729298844653368,0.3721696460997617,0.7806034342504489,1.2786501328884443,4.35844165277614,9.852172245365736,12.142580968043694,17.297220143301427,23.482787153610705,37.225239489678444,28.12359411917451,10.498327783882445,4.019593851390086,0.4387931314991022,1.8469828287477557,4.693965657495511,19.959914957212746,73.06034342504489,66.60932173351384,31.538592583005354,16.129358974471085,9.818378857454826,0.8224341642510684,0.1980650322146562,61.55226727023643,33.458670897534674,2.617836605163877,83.06996365673636,7.073969249185129,5.866081606081208,56.537706337573006,20.584943648687336,22.877350013739658,13.195477661705967,16.320265676805217,19.62571704551804,28.146784694242275,0.38072507080777485,65.49859326355576,74.48884874497959,128.83859886328085,41.47719228431121,48.708966206237506,9.813841509451287,35.11784859634341,63.53884770544218,85.01826597696198
1979,65.47369306857856,29.306264463268633,5.220042468152813,0.3671152330973194,0.784245164824631,1.2996958310620115,4.520194980430996,9.95638694644702,12.194688318584335,17.34932749384207,23.534894504151346,36.96470273697523,28.789660175502092,10.841907603545826,3.8825553532080037,0.4315096703507379,1.8287741758768448,4.6575483517536895,19.657651319555626,73.4245164824631,68.1987925628916,31.442714715118626,15.084169944639529,10.101338236133893,0.8146309226133879,0.2052890063754555,62.87949522920461,38.74429347469193,5.65078811266229,84.1687488394458,9.611388448388702,4.192350939943388,60.96337496253444,18.33766250108489,20.698962536380673,13.217828182879705,16.481815265934767,20.47363855548666,27.2460733748442,0.4025413810538654,64.14068564080503,72.64857729987426,142.28704335225132,42.82201901213229,49.376943277291254,7.801037710576459,38.96554479627334,61.70013142700528,86.04913629955693
1980,65.85966146782643,28.339906477070592,5.800432055102982,0.3741931592091588,0.7984826348197787,1.3459699116806922,4.59231270621908,9.810450325584354,12.121720008153003,17.276359183410733,23.46192619372001,37.329544289131896,29.52004136706637,10.789176385969299,3.7474870862083716,0.40303473036044263,1.7575868259011067,4.515173651802213,18.475941309958372,74.84826348197787,67.42564522777144,33.32776583934411,16.564335538468406,10.483782277798577,0.8073364404307924,0.22982686381520573,61.010659565457075,35.55067581699396,6.528844935283177,87.67965140566825,11.598214196939825,5.105117104709729,57.25454306514067,20.45938828179028,22.286068653069048,12.909090409155226,16.305001378048082,19.010587626863252,23.48086339420274,0.44501704141072035,64.87987154625283,74.26561234952484,160.38966694461845,46.081987232967684,45.542829946529466,8.37518282050285,37.447781734254754,64.12089778695001,87.14600719111637
1981,65.43820118189998,28.607657734318103,5.954141083781911,0.3867970213484612,0.79863972950974,1.3709681073269953,4.376482266640591,9.55057687941317,11.99178328506741,17.14642246032514,23.331989470634422,37.979227904559856,29.533888742054394,11.70881110619629,3.7713072663435527,0.4027205409805199,1.7568013524512995,4.513602704902599,18.462902450691576,74.863972950974,68.13821665915606,34.21056497762777,17.238708786070333,10.210864298520656,0.7991143823803114,0.1989855998382286,62.691717731333874,28.738594961015018,4.345724614205188,88.89174560486913,10.432113314655373,3.961850716464841,58.5928799974677,17.687729172563166,23.719390829969136,14.225834315276922,18.94424986508728,17.297383106826942,30.43569182242663,0.44095146532984775,65.64594947779436,73.91058854120404,165.52944013471495,46.224328890782736,46.17436921685502,7.601301892362244,36.50681250914655,63.64794559828944,89.11819870302344
1982,62.73471917274845,31.484672758561768,5.7806080686897845,0.3613885636266315,0.7885526236637327,1.3068474771690086,4.967735873855851,10.074462605636464,12.253726148179057,17.40836532343679,23.59393233374607,36.66951358900163,29.179537142677244,11.62150791084338,4.028384328808437,0.4228947526725347,1.807236881681337,4.614473763362673,19.30013223591019,73.85526236637328,68.11434077250443,33.38168461101754,17.017851269813814,10.773492302312697,0.7998076000543373,0.204310578162822,65.48980038011496,34.440704956468856,4.274777335002442,82.90424251954326,11.999620312058981,6.106101251961772,57.54116909315998,17.293269917291294,25.165560989548727,14.49201057966119,19.688888283818994,18.698411628614547,22.917819513509087,0.39399679612060157,67.59334070194097,72.35842390653555,157.77966599303136,47.51489630739104,47.41700733169577,5.068096360913188,34.62836069159986,65.19095832652192,86.08405888735763
1983,61.50542862185375,32.52035707093247,5.974214307213776,0.38187650513641747,0.7905431914931518,1.3373481923832795,4.672387874560851,9.652030821929536,12.042510256325594,17.197149431583327,23.382716441892605,37.72559304826894,29.0131552955893,11.790922354705124,4.24848223390488,0.4189136170136964,1.7972840425342407,4.594568085068482,19.134915106068398,74.05431914931516,68.97330023771885,34.614618067509156,17.816016429206226,10.835550275759818,0.7885626000643821,0.15811754667749478,60.268500885000435,33.625833693119425,3.899801518636917,84.61606710546667,11.273144012807562,4.69302364572491,54.89601402528528,22.006092691391196,23.097893283323522,14.126185557198392,17.29538123398449,17.492529753291826,26.026723115901504,0.39875267502664824,68.55472938996024,73.79964002714505,190.87165188337968,44.16216473990625,48.90566283386463,6.932172426229116,38.55304150489266,61.20379865202082,87.37376901659651
1984,61.38733699870121,32.88369780212119,5.728965199177598,0.37939687745387934,0.805162782504783,1.3910511459543533,4.884691870286802,9.703157165899395,12.068073428310521,17.222712603568255,23.408279613877532,37.5977771883443,30.284895266912184,11.730338550234423,4.291200992507953,0.3896744349904339,1.7241860874760848,4.448372174952169,17.921489052103006,75.5162782504783,68.70360438950038,33.44439750682298,17.961722319987118,9.797905071745644,0.7979916573593274,0.20693838886002933,56.976956337269854,34.61258885647551,4.950684120323733,85.3996397238092,9.708936001626688,4.530220687937394,56.824248884821515,18.184618177156732,24.991132938021753,14.741850117321045,19.59619142755381,17.015540514117784,28.502953297821907,0.44501855968213966,69.31307388577886,74.1890104866246,171.65138426970037,43.872552283008005,48.61422140041237,7.513226316579626,37.43785887576301,64.22904832675295,86.02118039959626
1985,61.4629344644004,32.45298914886828,6.084076386731323,0.3862312763309843,0.8250641889043426,1.4074143480127979,4.793905690741242,9.562241725134344,11.997615707927997,17.152254883185726,23.337821893495008,37.95006579025693,30.34365269240231,11.935236234025133,4.433422723005769,0.34987162219131474,1.6246790554782868,4.249358110956574,16.269672320939563,77.50641889043426,69.778229289274,34.5277824315429,18.586889931770706,10.429930587240513,0.816764528065819,0.16948365609487598,55.34814890554089,29.936309812482996,5.620268215588961,84.710323091683,14.689716520252553,4.613390219700639,55.01475291505474,21.788742401892232,23.196504683053025,14.008449936502219,18.767626818757552,16.86731357265596,31.97933857814307,0.4419802714397828,70.51009969240715,74.37146687514199,191.51869781912126,46.162733272373764,50.97924943834848,2.858017289277754,37.78922342578688,61.329027463127474,84.73056384836492
1986,63.71319996008761,29.89497807579435,6.391821964118044,0.40627878481205526,0.8193908510909109,1.479080927399879,4.95271020705981,9.148891034802984,11.790940362762315,16.94557953802005,23.131146548329326,38.983442516085326,30.971705243107987,12.387923392699866,4.419488689668029,0.3612182978181781,1.6530457445454454,4.30609148909089,16.740559359454394,76.93908510909108,70.63157485332087,34.288166509604345,18.187944784672357,10.796451647077271,0.8036231069638383,0.18740274397063109,56.93510026591231,36.18473976333084,4.081398780422638,87.03975863703894,13.256225325098292,4.10442501284917,56.16483528385529,17.833023859025676,26.002140857119034,13.81559239117718,18.50225529528859,15.920925721370942,28.61209186302632,0.39741910363091837,69.93538400471468,74.89611799724635,194.5238916185647,42.872769912565985,43.10251022058874,14.024719866845274,38.18352772387009,65.73288173284709,87.04003659254333
1987,63.6645451661712,29.41097796885862,6.9244768649701784,0.38561466183771526,0.8170525359310148,1.425223506636985,5.080465180989645,9.57495542602649,12.00397255837407,17.1586117336318,23.34417874394108,37.91828153802656,30.75479541139433,12.668418267226226,4.823261529846204,0.3658949281379704,1.664737320344926,4.3294746406898525,16.93463951772577,76.70525359310147,71.32422363171659,35.08184827537382,18.434072310497985,11.33898772884058,0.8023263391019049,0.1880660674135184,60.159231450254616,33.56536340147449,5.6324028158250705,82.81849406936026,9.194487710092735,4.813883059240017,56.92065888610707,16.480266442114814,26.599074671778116,14.159971829697467,19.253983152206754,16.1340938923352,26.663292191458627,0.43759560359990424,68.30503723059269,72.92540881220533,205.2563576913683,42.09037491137296,46.630122378257674,11.279502710369364,33.53510221993897,64.3822840231819,85.5211084484931
1988,63.85735081053221,30.092896874189954,6.049752315277837,0.4064338696042497,0.8025375127593515,1.4685674823831074,4.835312448949265,9.145693410221654,11.789341550471653,16.943980725729386,23.12954773603866,38.99143657753864,30.744511585827706,12.844896449465837,4.585544272281423,0.3949249744812971,1.7373124362032428,4.474624872406486,18.13938644097383,75.25375127593516,71.23982326507775,34.94595861463078,18.762766373430235,11.801853187022882,0.7939982544155776,0.16258662693687417,65.35182064573523,38.67172190744106,6.428572035266816,85.71116853557348,9.857967150130786,2.9976343052060948,53.78584122917277,21.776553702390803,24.43760506843643,13.884565042527768,17.085229153159755,16.739566942289667,25.56689270339492,0.45983436017395657,71.71396737125865,75.59564334349812,207.81006931280052,47.913457820447206,41.33676487752362,10.749777302029173,35.296841404912165,61.962792329881715,88.06065378474017
1989,63.178402611132185,30.42124796163475,6.400349427233063,0.40393121557191225,0.8070521722342152,1.5067060937352568,4.885405537806627,9.197294524290468,11.815142107506057,16.96978128276379,23.155348293073068,38.86243379236661,31.659566317353757,12.550090524943567,4.980698371770277,0.38589565553156957,1.714739138828924,4.429478277657848,17.764669704560138,75.70521722342153,71.14659239240896,35.611033414242144,19.03356640244685,12.639841141453756,0.795150556610683,0.2043048777241743,58.63131444406479,29.43665320640997,6.2455058538461605,86.714697961193,13.033946667357446,6.88472173964132,57.46450539647627,13.212005796701725,29.323488806822006,13.963064650281341,17.311307122142246,17.811351898669916,31.13742074911424,0.48374407018247556,72.8339449128386,75.35386310181295,223.85251412331922,48.82129612487369,44.29608630678358,6.882617568342731,34.534199233715164,61.761648644825016,88.09531002918229
1990,62.05098094565356,31.777711126455774,6.171307927890662,0.39454740229754043,0.8236910848409525,1.493680402292226,5.007522775110084,9.390775210359989,11.91188245054082,17.06652162579855,23.25208863610783,38.37873207719281,31.819362264827888,12.712659489862592,5.081373910502792,0.3526178303180949,1.6315445757952372,4.263089151590474,16.383639958200938,77.36910848409525,72.63256032989017,36.45565905403414,19.1642059821076,11.23789652841178,0.7863315337529521,0.1906002173105708,65.6101562733181,38.50942815787526,7.059870791629608,88.61125621256086,13.958809616919208,5.7319836238482935,54.162093632855665,16.968819561668226,28.86908680547611,12.895425203830223,17.55808193520459,17.20935287049309,26.831143917043725,0.4147025319283494,72.13672481520372,74.73485329039073,209.3892776029331,47.203151824376334,46.04800835385952,6.748839821764143,38.32015410940278,60.63333174132153,86.95283435103849
1991,60.390766305405734,33.12675946265847,6.482474231935794,0.3963754156713854,0.826857296797832,1.4330157285513656,5.072908910078092,9.353084212961125,11.893036951841388,17.04767612709912,23.2332431374084,38.472959570689966,30.446025799870064,12.919501497902369,4.712874558263156,0.34628540640433586,1.6157135160108396,4.23142703202168,16.120844365779938,77.6857296797832,71.25766209894783,35.33280875489616,19.87317967730409,12.110804540123045,0.774796052945676,0.18494094225962274,60.25099142202978,33.87782831062486,5.459675598814442,82.41798128849227,13.602038631067309,5.038361543753529,52.860804667789125,20.972306679352812,26.166888652858063,12.220336642807283,16.70267633213022,13.659257114241482,31.62435120854233,0.42236759671552815,72.07003412440169,76.39305282687005,207.63341105344395,44.512214109395664,45.96604605641675,9.521739834187585,33.897317060961086,65.39951192406882,89.2100519183207
1992,60.8482260295502,32.65980949805916,6.491964472390643,0.39851137356305055,0.8124525860023002,1.4594732247312185,5.022251379407287,9.309043844060813,11.87101676739123,17.025655942648964,23.21122295295824,38.58306049294075,30.911731360598576,12.859441933767771,4.982748137900205,0.3750948279953996,1.687737069988499,4.375474139976998,17.316435361809084,76.24525860023002,71.40354015773103,35.801000784728764,21.01678723130993,12.356256887506623,0.7744540377175498,0.1866049190969184,56.712479709143096,36.38447154403723,5.187225935350635,84.7602836164409,7.560836285448039,3.40614807489823,54.80110749085831,16.331043950725007,28.867848558416686,12.188774619727162,14.488678887638073,14.992238965684148,29.425449220490687,0.4730423982247925,73.38870521593704,76.00775612226356,240.20534283551225,51.927640253350454,42.55876892002616,5.5135908266233855,35.15412872912107,65.88382715188263,86.48256759965908
1993,59.97289994812476,33.17090946432817,6.856190587547066,0.389583708171594,0.8204538665760153,1.4866839566803178,5.0085595956382996,9.493119419142392,11.96305455493202,17.117693730189753,23.30326074049903,38.122871555236806,31.898549618998203,12.836629587156878,5.318594714004158,0.35909226684796947,1.6477306671199237,4.295461334239848,16.65232907419073,77.04538665760153,70.30585860770253,36.532231032057084,20.663323084936675,12.713249246646932,0.7925487589919288,0.15856839060653205,57.513551730189285,32.37881580977547,6.120538463350753,85.61076133948366,10.955017151251887,5.558581271248378,52.5235243216614,18.288111498284703,29.1883641800539,11.801103572820361,14.650908004348752,15.61287172244666,28.471610728010425,0.4198048680187031,71.52013715458432,75.46443958777179,232.78176095387178,46.29285843751836,43.19748443284922,10.509657129632416,34.84426585953678,57.06474429056607,87.38766856578007
1994,61.47325825545829,31.58249276337625,6.944248981165456,0.4051847928351663,0.8152565807846999,1.5235981463991277,4.908091141638322,9.171447570408944,11.802218630565296,16.956857805823027,23.142424816132305,38.927051177070425,31.955438946998388,13.204757788848973,5.22397957491815,0.36948683843060026,1.6737170960765004,4.347434192153001,17.083703794869912,76.52565807846999,72.23750768486215,37.35341216421508,19.57219804959685,12.21304206698723,0.7740494321961157,0.14134536949530213,58.91029946466804,36.18027361779775,3.8913638603080716,84.59405823172649,13.293899992478133,5.329989703488135,52.17411856035888,22.475699750674913,25.35018168896621,12.15265910612002,16.48415858050287,15.483711607034186,29.386827577997003,0.44127121945981046,73.34818211636117,76.74558627819263,217.6873718681616,51.13145992293822,43.47321806195095,5.395322015110828,31.569028815552308,64.18767741397079,86.26567177603937
1995,63.167219440513634,30.08772973769817,6.745050821788196,0.39381768574880277,0.8192639489514975,1.502514401724206,5.078990632688992,9.40582091239582,11.919405301558735,17.074044476816468,23.259611487125746,38.341117822103236,32.04145950649328,13.396531333938732,5.417761322819329,0.3614721020970051,1.6536802552425127,4.307360510485026,16.75109223702571,76.92639489514974,72.71219896499788,38.23125663163312,21.136145483018527,12.583952353338622,0.7781417551081571,0.203256917563712,60.08662332298357,31.017329339237296,3.9256452726364324,83.05351791154436,10.0810108528641,4.006511029434722,51.80637279401082,19.820803845029488,28.372823360959693,11.997953380497389,15.585511491509441,13.931314693729746,30.511710508300855,0.442570034423194,72.93929273433315,75.78939382755155,212.88022766299164,49.436319430978635,44.576905375584936,5.986775193436429,31.872240827059567,60.17329570364764,87.67942298156682
1996,63.12710185695756,30.16829690259979,6.704601240442654,0.4012801978427898,0.8364676897968347,1.5495395309347286,4.988198068591071,9.25195468365382,11.842472187187736,16.99711136244547,23.182678372754747,38.72578339395824,32.68664831878076,13.505971672204799,5.509963647264243,0.32706462040633055,1.5676615510158265,4.135323102031653,15.32318174686272,78.64676897968347,73.25109508962764,37.133706559667594,20.957453502259874,12.646679401256122,0.7854886842386808,0.1867461676847558,58.89953925016981,36.46297937445316,4.437147797793291,82.19947305930515,13.347230170170844,5.0393245646981875,58.56651386381874,11.314261391769726,30.119224744411532,11.770894452653064,15.957803802003172,13.522455860114942,29.58374102322444,0.4337488363080955,72.79752538177695,76.80855992355133,244.11362178598608,49.346113439742176,41.116408361168155,9.53747819908967,32.84046618889654,63.04067303508364,87.57365320078911
1997,62.74837678530346,30.11539166413334,7.136231550563196,0.3798935556398563,0.8248523933884825,1.5359232934514169,5.111322941206701,9.692916378559664,12.062953034640657,17.217592209898392,23.40315922020767,37.62337915669362,33.41534660102158,13.415428181646377,5.113420166543005,0.35029521322303503,1.6257380330575875,4.251476066115175,16.28725134875595,77.48523933884825,72.43845063164056,37.49665317953402,20.677632625852496,12.938495797003675,0.7718245927336268,0.21329650415504114,60.035514522925745,32.50018854580606,3.8237032072813637,86.85604057701948,10.054225231500215,4.744617290588424,55.64036162787006,17.57083402998417,26.788804342145774,10.517537812865491,13.75227703380708,15.320042631238346,24.69745849352286,0.43433738353021584,70.65143197292386,76.85617548599117,232.69477234060577,52.47790484688493,45.945540609315096,1.576554543799972,32.34764953875398,61.68152561729428,88.0205085820418
1998,61.13397146958245,31.991813197764394,6.874215332653159,0.39410538563080366,0.819596687880305,1.502055413773562,5.251289498813065,9.399888956065903,11.916439323393776,17.071078498651506,23.256645508960787,38.35594771292802,32.01830629393689,13.325083668933871,5.294201715368834,0.36080662423939,1.6520165605984751,4.304033121196951,16.723474905934683,76.95966878803051,74.54705125027755,37.41241848821341,20.279577308732314,12.997152609258434,0.7792500754012345,0.16781339360227582,64.7483845246703,30.295859655173174,5.773959212095111,86.1557941014225,11.14028375212819,2.2618087240349283,55.00640169345624,15.957424024149855,29.036174282393905,10.393690439354668,14.033440503649583,14.890321916173797,30.566556817318137,0.4324644851012797,72.27924749479052,74.31423935832403,264.31842047391586,50.64053351120878,40.26841068453967,9.091055804251553,35.88771980868989,60.35597584350738,86.44199081806022
1999,59.825764576894,32.860349207583724,7.31388621552227,0.4089310734638283,0.815183048273324,1.5639489943840064,5.18652352055502,9.094204670848901,11.763597180785275,16.91823635604301,23.103803366352288,39.12015842597053,32.62053823092414,13.752120323500016,5.479202618587139,0.369633903453352,1.67408475863338,4.34816951726676,17.08980699331411,76.5183048273324,73.54567475184298,37.476093823401065,21.7361869476314,11.325061882702911,0.7629716121770668,0.1533550252914606,63.2680128140599,35.94421898219901,5.173326395358157,87.46840289888365,9.182456565470062,5.160804054862029,54.960784855806324,13.566498714946878,31.4727164292468,9.913553867751178,11.998796350067867,12.856313884213815,23.776712577938547,0.4477641107005917,74.23918173915291,78.05193762645534,250.405509388102,54.19709051314393,42.017404897291556,3.7855045895645176,31.450951957284733,61.43947025159922,89.51440202646953
2000,58.006808822011536,35.58703910739123,6.406152070597238,0.3931462558374968,0.8296424857512674,1.5345273007244602,5.200150021604331,9.419664828092849,11.92632725940725,17.080966434664983,23.26653344497426,38.30650803286066,32.75600761931722,13.798170099726882,5.401927525830565,0.34071502849746516,1.6017875712436629,4.203575142487326,15.889673682644807,77.96424857512675,72.1251821113149,38.06363575493434,20.529867601581472,12.750541060408233,0.7688867049401072,0.15957824192583508,59.55254229066336,36.67228174541671,4.4793456525158195,83.19430186661695,9.199915170301972,5.756918955467252,55.01779875494476,13.638349950153703,31.34385129490154,10.158946463552475,12.610981935234046,13.83918348400074,28.834612012107147,0.44562244316338945,74.91479804462156,77.28594989076167,248.6637566474752,46.17732946575744,43.924795935829124,9.897874598413438,34.821297919144655,62.66847503910668,89.33219702273854
2001,59.59416910589581,32.938696379417486,7.467134514686704,0.40848229275934145,0.8290348996454534,1.5801394149719554,5.02645874832373,9.10345788125069,11.768223785986171,16.922862961243904,23.108429971553182,39.09702539996606,32.98016685914855,13.473605270112502,5.5596079339841,0.3419302007090932,1.604825501772733,4.209651003545466,15.94010332942737,77.90348996454534,73.42324783557652,37.82551132459637,20.927202425219193,13.108511030268534,0.7656602979497033,0.15648154047783325,53.87393480939153,34.293553159338096,3.003705443483125,83.90676592021532,8.715586790699058,3.815178436350779,56.07895091009259,15.792941354119897,28.128107735787516,9.792206828665224,12.204151730413406,13.45916202154984,26.701765685018024,0.442489622002777,74.00416652914446,77.24112116139788,258.4971821236299,50.59584989674907,43.182343833780884,6.221806269470044,35.93739682653437,62.43847072818737,88.43456599576297
2002,60.43319388175824,32.78458578910415,6.782220329137607,0.4007949391882339,0.8475454609054257,1.5334003564359504,5.245080694015687,9.261960016737445,11.847474853729546,17.00211402898728,23.18768103929656,38.700770061249166,32.369214954535565,14.10155557091899,5.8186682871769815,0.30490907818914853,1.5122726954728714,4.024545390945742,14.403726744849665,79.75454609054256,73.21944027354539,38.70515419337566,22.006153621714052,12.231595765238023,0.7765831928369159,0.1647512320819209,60.80166431724062,37.13591888069529,3.970561230202562,88.47831126772383,10.105805926777633,4.5911661188323984,54.209060519286965,12.626345875396595,33.16459360531644,9.622289989467724,12.80353890339826,12.97807935219464,27.320323461764477,0.42754120751571606,75.08765980076758,76.14007615776488,267.38179416617015,51.564475197339235,40.138050658400594,8.297474144260171,32.36106162191797,62.47473596101618,87.5123809523671
2003,61.91202057273274,31.412512466219123,6.6754669610481345,0.41645800810782846,0.825484099584967,1.6151854354708461,5.158264610449555,8.939010142106628,11.68599991641414,16.84063909167187,23.02620610198115,39.50814474782621,33.31321585296245,14.10879073097132,5.515756731143401,0.3490318008300659,1.6225795020751648,4.245159004150329,16.234819734447736,77.5484099584967,74.41429682976482,38.22277945244611,21.392336541106623,13.855295874033954,0.7746862302687718,0.1395227788286362,60.73811394842278,39.85957651359115,6.463376914287293,86.82605756673533,8.497448945660675,5.058940159186825,53.88469603343924,13.877959576456568,32.23734439010419,8.841599879536414,12.01948663507558,13.702626055003325,27.27670809133922,0.49469963870998657,74.3685955940172,77.72571434367859,239.96472634396048,51.11669561599987,44.415916468410984,4.467387915589143,33.30098426474949,57.77785566583541,88.82758530472027
2004,62.1166179248253,30.86268288818914,7.020699186985559,0.4197915930050302,0.8252984923167728,1.617369732378618,5.031359047914259,8.870276432885973,11.651633061803812,16.806272237061542,22.99183924737082,39.679979020877845,33.19151526732464,13.928761573254283,5.627952968232776,0.3494030153664545,1.6235075384161364,4.247015076832273,16.25022513770786,77.52984923167729,73.49003773874773,38.818864416810094,21.6581689323283,13.00228806221037,0.7733276264121794,0.1359112706115779,62.92727635203071,38.15310320748535,6.964309637955663,86.57324402755428,12.941229571385776,4.19472224431637,51.0507169882273,16.39872370518173,32.55055930659097,8.557842261297095,11.32487895520132,13.158361503392632,27.75919383972772,0.4727160648519836,74.67533493735242,74.58276310356095,243.37656191791754,54.50397541670554,46.52099466010288,-1.0249700768084224,37.22010065957775,64.34789922877263,87.65808232661175
2005,62.463110602743555,30.820209794924715,6.71667960233173,0.40961207314561454,0.8419597496411608,1.6452530596634825,5.371604666899531,9.080163440296607,11.756576565509128,16.91121574076686,23.09678275107614,39.155261502351266,34.28171024796438,13.622260712421008,5.585435589400915,0.31608050071767835,1.5402012517941959,4.080402503588392,14.867340779783653,79.19597496411609,72.88573638344205,39.19968192837716,21.35141020793117,13.831687587063408,0.7668176807853094,0.16103899320988319,59.99758999738984,31.741528809384267,6.765773181514154,86.25355038664507,9.447321682217028,5.190269967849502,51.935374586478126,11.947689199670606,36.11693621385127,8.82635867856371,11.141189786499451,11.496697696487134,29.095052145978343,0.4695981617711087,74.38766633078045,76.75539439695712,250.37134412244225,53.85740882774628,48.663237798186486,-2.52064662593277,34.389871463360315,62.78035760805791,89.33501431407063
2006,59.108815262592834,33.62408552464251,7.267099212764659,0.40828040365991664,0.838645846557311,1.6064534887020645,5.226530785056389,9.107620543094502,11.770305116908077,16.924944292165804,23.110511302475086,39.08661874535653,33.539416513373496,13.688411666326905,5.22432942874817,0.322708306885378,1.556770767213445,4.11354153442689,15.142394735743187,78.86458465573111,73.90000442676171,39.0929802669409,21.32591912960886,12.794409253239738,0.7714689183882316,0.17151359825853177,56.091883061341825,28.70453583487681,5.262064701325949,81.12013800340755,10.694937020204778,5.8209473734155335,54.12528551224123,14.577828363142586,31.296886124616186,10.333680064892967,13.449707558400252,11.004327690968688,27.69148651944779,0.48391831497703136,75.19311533412309,76.82547083726021,263.98788456194967,52.09232119672227,41.058985601521364,6.848693201756369,35.6055672464209,61.26866902467719,86.52456405827103
2007,59.33418412623431,33.678568703828226,6.987247169937459,0.409397759501317,0.8371384366719701,1.5869491025729758,5.268097102056709,9.08458227832336,11.758785984522504,16.913425159780235,23.098992170089513,39.14421440728438,33.07736455932129,14.234184568424856,5.491311669778754,0.3257231266560598,1.5643078166401494,4.128615633280298,15.267509756226483,78.713843667197,73.30014388895108,38.28797122754641,21.515024609808933,13.346715068348402,0.7592593188955945,0.15717798722112442,59.76170556242877,33.09580902605365,3.8017729956180437,87.30736555382653,9.564011490326092,4.973547922229176,50.58404949500401,15.595638499106649,33.82031200588934,11.623281247135006,14.941897200255534,13.365990327438222,29.84675436898277,0.4469141873329737,76.05646194711014,77.92453016653543,246.90582057071856,49.69521642753763,42.72082425306321,7.583959319399156,32.037109787968234,60.810557888929615,88.5980371596268
2008,57.628903421968836,35.13019791386628,7.240898664164884,0.4093157489579761,0.8394997929497674,1.5713271729229177,5.3228374173738455,9.086273217361317,11.759631454041482,16.914270629299214,23.09983763960849,39.13998705968949,32.755736454336,13.994643262608484,5.6378957970158865,0.3210004141004652,1.552501035251163,4.1050020705023265,15.071517185169306,78.94997929497674,72.41461280478565,39.08366860938517,22.164989649203186,13.495524491551807,0.7607207431792498,0.1837448507716606,60.81962005163245,31.359966876994086,4.321067944833812,81.57882105266746,12.573235849770036,4.817972330182794,54.86329860256545,16.152849504723182,28.983851892711368,11.080352958823111,14.441052195913015,11.691409840610914,27.929890425359453,0.4681850447317402,76.34699819672416,75.99270288463279,260.50521056724176,53.29436117600173,44.18738043972505,2.5182583842732242,33.94972978273006,64.91262746834592,88.30705401456369
2009,59.24150364573176,33.86929334662176,6.8892030076464765,0.42195738081890816,0.8339242944726372,1.6391301697032215,5.412436945631143,8.825621014043131,11.629305352382389,16.78394452764012,22.9695115379494,39.79161756798496,33.528286926265956,14.115856185154412,5.6088939724505895,0.3321514110547257,1.5803785276368145,4.160757055273629,15.534283558771115,78.39242944726371,73.21676903957714,39.31699626684594,21.55564172415766,13.266125820696278,0.7711596434736886,0.16277448658264942,56.15485751372863,38.50228602921676,5.75606794281872,83.65287002510755,10.44860212089825,4.0508011624875655,53.06827764677833,13.559858586011302,33.37186376721037,10.290033312092127,13.67027195191024,12.78189064905274,23.27438781810824,0.4992760948876236,76.37825346047669,77.33975291553938,241.9739357621697,52.15382244585257,39.35828124439937,8.48789630974806,33.3348168175059,59.87977806840365,89.09768048537954
2010,60.427676643578636,32.42984564829933,7.14247770812204,0.4355751770264616,0.8399246169246743,1.6607879234738856,5.221504854034222,8.544841710794605,11.488915700758128,16.643554876015862,22.82912188632514,40.49356582610627,33.27182237091223,13.902757219698527,5.878797483340267,0.3201507661506513,1.5503769153766283,4.1007538307532565,15.03625679525203,78.99246169246743,74.08534756664831,38.847254523487905,21.904855812698035,13.177622206234968,0.762341625048973,0.1516599964954198,58.272814844147405,33.58451960780177,7.326926031402264,85.64057866628066,11.545508128582785,4.69239099117963,52.39223807215829,10.58249118939186,37.02527073844985,11.56786858732034,15.218219800465803,12.314379381471916,25.94441525918455,0.499170573305917,75.48687820415776,77.3665117382662,264.7824574084653,49.7759074539791,41.89644844432609,8.327644101694808,32.52179644983455,62.16237498801535,88.22095440000206
2011,61.66752820138247,31.068258456333005,7.2642133422845285,0.3976539454811042,0.8473811074176876,1.579736911402721,5.452706241140441,9.32672277358548,11.879856232153566,17.0344954074113,23.220062417720577,38.53886316912909,33.500815619943985,14.529395771455198,5.953882712676478,0.30523778516462485,1.5130944629115621,4.026188925823124,14.41736808433193,79.73811074176876,73.59458541329485,39.92567823271724,20.967522721764247,13.867168852458649,0.7544018029459989,0.16448830015718213,56.63465048215507,31.737912108210903,5.796111098253572,85.37810095726724,10.560803748554225,4.348016939661188,56.29734778808274,9.745440812743176,33.957211399174085,11.028331813669638,14.263016804900873,14.259764221666098,27.357591577038868,0.46657350687545374,75.67924370216949,77.10915092464799,267.70662868163197,49.8734325760709,45.48608167254965,4.640485751379451,30.791082490492723,58.778403176601664,87.19585666733158
2012,62.091430775529545,30.704875420959418,7.203693803511037,0.4011453234854168,0.8290855662811903,1.6090292613930748,5.31181772196202,9.254735598238828,11.84386264448024,16.998501819737967,23.18406883004725,38.71883110749572,33.94826194691149,13.753659631033601,5.615619503942707,0.34182886743761937,1.6045721685940484,4.209144337188097,15.935897998661202,77.90855662811904,75.13666055266727,39.005860730545834,21.903518802751275,13.821789572102293,0.7622015440846542,0.16522713514875392,65.44259612475497,38.198546147014866,4.997898867886152,84.12104412069378,12.87812669440781,6.883062388614853,51.20813444475368,16.981573555543882,31.810291999702436,11.383178635416993,13.752551665163399,11.517028457392806,27.626271159913912,0.4898116854877881,76.2348000689739,76.68853237311,256.396115916372,54.24017160189558,40.220526881006485,5.5393015170979325,32.09714202956899,62.25585193338803,87.15578076325377
2013,62.15895524768163,30.07910176636939,7.761942985948976,0.4254778055967215,0.8496993499747998,1.6687598778794872,5.244803696199498,8.753034936150073,11.59301231343586,16.74765148869359,22.933218499002873,39.9730827627176,33.9526673235493,14.343578144198123,5.983525999177256,0.3006013000504004,1.501503250126001,4.0030065002520026,14.224953952091617,79.96993499747998,73.09465767760936,38.84104529809583,21.850115924433858,13.581052062472665,0.7757193681625321,0.19209199452617942,56.868276305888685,35.910704522006895,5.142906060921588,84.95303615076706,9.878750392383287,5.57472294977206,53.05920766462885,17.424428791363688,29.51636354400746,12.071783569617518,14.971012530930407,12.324446599944574,27.194773700408696,0.47240955850832905,75.74667733446192,77.82834216988189,265.51024583976823,50.9712649507671,39.525390769448165,9.503344279784734,33.53459099332755,57.14369748251583,89.05588213952916
2014,59.250925939340746,33.265410359241706,7.483663701417545,0.4008210329797091,0.8520051899020958,1.6101908150184017,5.344740738043762,9.261422000418369,11.84720584557001,17.00184502082774,23.18741203113702,38.70211510204686,33.98891867525216,14.49913826078914,5.679728997929916,0.29598962019580827,1.4899740504895205,3.979948100979041,14.033569238126042,80.20051899020957,73.58767781189898,38.837028881687736,21.76128929280366,14.318043738991765,0.7585313968909345,0.13134190712609986,58.1932259633102,33.63721430122812,3.768204091251486,84.79153991979999,6.487699292906504,6.492528366458001,52.120681957636705,16.0105077246497,31.868810317713596,12.055263344104148,15.419648208204363,12.426314706876532,27.946313247131595,0.4856236835230967,76.01024371914542,76.61171621778823,273.856820546817,55.07781928700463,42.67419135664058,2.2479893563547932,34.428819597329245,59.23109121314438,88.52671425493048
2015,57.78284166285698,34.825446199983794,7.391712137159224,0.39890179963154454,0.8365937683932287,1.6365345158003797,5.27820455254191,9.300993822030009,11.86699175637583,17.02163093163356,23.20719794194284,38.60318554801776,34.64213902902582,14.608985738524588,5.858927878000398,0.3268124632135425,1.567031158033856,4.134062316067713,15.312717223362016,78.65937683932287,73.45732227994424,39.43097173067966,22.321214666250828,14.075349796317612,0.760701021147811,0.17425579380168935,60.626894973865475,40.99303463544751,3.5799057002527794,86.09478793810472,10.878132215692142,6.419207093259434,56.231427876616976,10.044934744758976,33.72363737862405,11.887805452086567,14.244077808696506,11.488178622868782,29.970602464553185,0.47886324992504686,76.95650989105533,77.49852315945363,258.39783851289195,53.51284539721588,41.444185521124595,5.042969081659528,33.333178328017944,62.32350629676075,89.5159271096153
2016,57.10140976187035,36.102991698445294,6.795598539684359,0.43413559529456863,0.8712035125232738,1.703402306322177,5.339309713342828,8.574523808359409,11.50375674954053,16.658395924798263,22.84396293510754,40.419360582194265,34.20138940931048,14.601132292110549,5.732022159051074,0.2575929749534524,1.393982437383631,3.787964874767262,12.440108460568275,82.12035125232737,74.43846654891372,39.744824207100606,22.497950342081086,13.702797611989057,0.7676285763917313,0.12481247561487535,58.569932317837,36.27227463851575,4.320971988841321,85.95711298005953,10.631182592593035,3.746559545993864,51.28679956010259,19.648218810257998,29.064981629639416,12.67722977472878,17.297656375328472,11.731635472490185,29.0677436828144,0.4286356053927174,76.3029327910194,75.93827907765301,274.1946780750804,51.65978420302759,39.765578742438365,8.574637054534044,31.5161390559272,61.80364355525205,89.40600693413437
2017,58.4216718161173,34.091090817201795,7.487237366680899,0.4105814097898609,0.861522562903017,1.701516604101866,5.507439544885337,9.060177117734828,11.746583404228238,16.90122257948597,23.08678958979525,39.20522730875572,35.40304850569136,14.119970518723209,5.553571962244558,0.276954874193966,1.442387185484915,3.8847743709698306,13.24362727904959,81.1522562903017,75.45573963424441,39.2316501030349,22.294289041323896,13.191850431030282,0.7708558964710575,0.11322150832945327,60.26234738435336,30.80756588344912,4.868205074805328,85.33415581385427,9.579898122875008,6.796873138818631,52.71699102674536,13.748610872601041,33.5343981006536,12.040553512130662,15.858210601785721,11.059821126395798,31.55246799172273,0.5113969661731605,76.79254943973504,76.75702690379491,283.381690409621,52.35138320710427,41.68905970050125,5.959557092394483,34.299962326530434,62.19703014147938,90.46934899267526
2018,58.66988198704773,33.564965472384735,7.765152540567534,0.4111482890363289,0.8260188751427917,1.6438074392845952,5.174804943878903,9.048488885848888,11.74073928828527,16.895378463543004,23.080945473852285,39.23444788847056,34.17348792962663,14.389868040521325,5.67780918878575,0.3479622497144166,1.6199056242860417,4.239811248572083,16.190433363148287,77.60188751427917,74.40695038159183,40.020465184331954,21.865771975436225,14.468675816787744,0.7629689301396041,0.1245681995499664,59.25831510547031,30.497781662478676,3.9524290854553206,85.92784887159085,9.396915835314777,4.908730574713266,51.61334908817864,16.205410621854355,32.18124028996701,12.500755780385733,17.68057323787138,11.067858663032963,28.619416598836782,0.49155335804696354,76.136618587364,77.28451409699463,283.66119878702517,56.15706460934327,40.71141971191521,3.131515678741515,32.06148285732302,62.514758659029944,90.25322628508235
2019,61.18752278426788,31.605301445299688,7.207175770432434,0.4088711449457218,0.8536239279698349,1.6267582342086382,5.377116332019019,9.095440310397489,11.764215000559568,16.9188541758173,23.10442118612658,39.11706932709906,33.93361603985335,14.316540356186891,5.514502880113512,0.29275214406033023,1.4818803601508255,3.963760720301651,13.899213978503704,80.36239279698349,74.27413301298584,40.60405178597877,21.923184660975636,14.048284660360405,0.7549656696338173,0.16586933366443965,60.48852411158502,32.48764218098109,6.71289314066742,85.54524406266134,10.027555569329264,5.530127376002703,53.742373738877085,14.653614908180622,31.604011352942294,13.835529852405637,18.72373736794034,11.224843939042351,26.995425587315335,0.46492608789556633,77.6856146753472,78.7919234851651,259.4849829526426,48.12285961496086,37.25843566798553,14.61870471705361,35.03281516808298,58.77339580811152,89.14629418941301
2020,61.073797457746174,31.552335758430036,7.37386678382379,0.4200674573904113,0.8513037213069463,1.6296976502124616,5.3751704063139885,8.864588507414199,11.648789099067923,16.803428274325654,22.98899528463493,39.694198834557284,33.430603283204846,14.213135367898188,6.016701662104201,0.29739255738610737,1.4934813934652684,3.986962786930537,14.091791131523458,80.13037213069464,75.47031096656549,38.98450948667615,21.93781721457169,13.601888028796278,0.7668213474081539,0.1678574463017195,62.424921971348425,38.21153601583711,4.170787649233696,85.60718613709714,10.23981082875218,4.382318829859065,54.31863332816817,11.670624979663835,34.010741692168,13.887401772299802,18.297810758716455,11.753602170088548,29.40395767352866,0.47505975595094746,77.5209582305942,77.36363863104094,271.6660362036915,53.770999709286606,38.67938102308788,7.549619267625516,34.04413165713261,61.866510365186905,87.40711960373402
2021,60.05061542760128,33.405157106433705,6.544227465965016,0.4032032825738087,0.8332952451465028,1.5955349325278907,5.351320319055055,9.212303452086417,11.822646571404034,16.977285746661764,23.16285275697104,38.82491147287674,33.56199756645739,14.060201763382,6.1360433898204505,0.33340950970699446,1.5835237742674861,4.167047548534972,15.586494652840269,78.32952451465027,76.35474652861924,39.92079082995466,22.30375574512362,13.236234002091718,0.7513727225554211,0.1772979450686111,61.01103146965632,39.95938119624473,4.794410965360714,85.90835870862186,11.97176245909236,4.948967778613595,49.74348533616786,17.95555795904137,32.30095670479077,13.827797385317059,18.511267134288907,12.177820863759623,29.30989060266281,0.4792899413842177,77.81245206208007,77.19190712583755,267.38055691248866,53.96773645666632,39.500088431535794,6.5321751117978835,33.08127695243142,63.19942776110429,88.06850445102154
2022,58.58557146100905,34.31819974328426,7.096228795706689,0.43254474177086977,0.849585715830154,1.7245411731736457,5.341973781925601,8.607324911940829,11.52015730133124,16.674796476588973,22.86036348689825,40.337357823240716,34.7106717891079,14.754107697765225,6.054655112565783,0.300828568339692,1.5020714208492298,4.004142841698459,14.234385586097217,79.9585715830154,74.8513258091172,40.3910334447205,21.349001902661783,14.928162352553237,0.7783535407299893,0.11777912242971536,62.369853543596946,34.83228332721921,4.1350667256859275,84.7131321818423,9.575784397551237,3.7785926465773496,51.778612530122444,15.894466938539473,32.32692053133808,14.733509378531739,20.19298009032202,9.885002693774025,31.193673116453084,0.49984337393040706,76.94756294172713,77.87628208527815,271.340634769777,57.28678920802374,43.063987581164334,-0.35077678918807464,32.737559986970695,62.364259017002055,90.20709286039944
2023,57.26768421272031,35.87023276713826,6.862083020141429,0.42258487832579633,0.8400316552422685,1.6940090265928234,5.462065347056196,8.8126829211176,11.622836305919625,16.77747548117736,22.963042491486636,39.82396280029878,34.61795403371226,14.985457551656857,5.819564455458288,0.3199366895154629,1.549841723788657,4.099683447577314,15.02737261489171,79.00316552422684,73.01701312170148,39.2385474148785,21.050484699013012,14.249593923122216,0.7491657984238453,0.13686609847674439,59.89039520894,33.29963705679717,3.844173738752411,84.75585152248064,11.674011645351078,5.926335490046819,53.049650485824436,14.411081148884307,32.53926836529126,15.2650665764172,19.501313546863884,11.977715920473212,28.49362004306838,0.5063157667675136,78.77241328772627,79.1868381288338,281.97672677409975,51.630788832421736,40.384842063366044,7.98436910421222,33.01534512122099,61.105115991212585,88.72071534905993
2024,56.29490479841237,36.169755372364605,7.535339829223028,0.41477761179053846,0.8539795019782228,1.6580319621729736,5.338582788640051,8.973657488854878,11.703323589788264,16.857962765045997,23.043529775355275,39.42152638095559,34.283095509636134,14.480065792381781,6.029327603519308,0.2920409960435544,1.480102490108886,3.960204980217772,13.869701335807507,80.39795019782228,73.58716730563361,38.85556384605434,22.437777768134037,13.784149792234093,0.7647870684244925,0.13329596201314556,60.05833817466307,37.118989558635946,4.208633316829894,87.04501006589419,6.412280436195497,4.965338993318718,53.591242597054865,14.889093983308431,31.519663419636704,14.877558908548927,19.576739543559817,11.507258567590892,31.65937715684096,0.5056749163648254,78.01488277810452,80.04108606985545,241.42171855031208,54.66036158051397,43.08702049779094,2.252617921695091,33.309713429176874,58.70853684819027,88.04628259817267
