year,gdp,hh_wage_income,hh_transfer_income,hh_capital_income,hh_total_income,hh_consumption,hh_interest_paid,hh_total_expenditure,hh_balance,hh_balance_gdp_pct,nfc_sales,nfc_wages,nfc_interest_paid,nfc_gross_profits,nfc_investment,nfc_dividends,nfc_balance,nfc_balance_gdp_pct,fc_interest_received,fc_fees,fc_total_income,fc_interest_paid,fc_dividends,fc_balance,fc_balance_gdp_pct,gov_tax_revenue,gov_spending,gov_transfers,gov_interest_paid,gov_total_expenditure,gov_balance,gov_balance_gdp_pct,exports,imports,net_exports,net_foreign_income,foreign_balance,foreign_balance_gdp_pct,private_balance,private_balance_gdp_pct,hh_net_financial_assets,nfc_net_financial_assets,fc_net_financial_assets,gov_net_financial_assets,foreign_net_financial_assets,household_liabilities,corporate_debt,government_debt,private_debt,corporate_debt_gdp,government_debt_gdp,private_debt_gdp,net_foreign_debt_gdp,hh_debt_service_ratio,corporate_leverage,kalecki_profits
1970,100.0,55.00000000000001,10.0,3.0,68.0,60.0,1.0,61.0,7.0,7.000000000000001,100.0,46.75000000000001,2.0,51.24999999999999,18.0,20.5,12.749999999999993,12.749999999999991,3.0,1.0,4.0,1.2000000000000002,1.68,1.12,1.12,28.000000000000004,20.0,10.0,2.0,50.87,-22.869999999999994,-22.869999999999994,15.0,16.0,-1.0,-1.0,2.0,2.0,20.869999999999994,20.869999999999994,7.0,12.749999999999993,1.12,-22.869999999999994,2.0,50.0,-12.749999999999993,22.869999999999994,37.25000000000001,-12.749999999999991,22.869999999999994,37.25000000000001,-2.0,1.4705882352941175,-0.01658536585365853,32.86999999999999
1971,102.49999999999999,56.17404587565565,10.317206994011887,3.32494919943384,69.81620206910138,61.499999999999986,1.1053816497377373,62.60538164973772,7.210820419363657,7.0349467505986905,102.49999999999999,47.747938994307304,2.1999695196603044,52.552091486032374,20.62435335214863,21.020836594412952,10.906901539470788,10.640879550703207,3.3053511693980417,1.1053816497377373,4.410732819135779,1.3221404677592168,1.8531554108259374,1.235436940550625,1.2053043322445123,29.724999999999998,20.5,10.317206994011887,2.1999695196603044,51.811020432722586,-22.08602043272259,-21.54733700753424,18.38739941799892,20.014879301598707,-1.6274798835997863,-1.1053816497377373,2.7328615333375237,2.666206373987828,19.35315889938507,18.881130633546412,14.210820419363657,23.65690153947078,2.355436940550625,-44.95602043272258,4.732861533337523,54.249390393206085,-23.65690153947078,44.95602043272258,30.592488853735304,-23.079903940947105,43.85953212948545,29.846330589010055,-4.61742588618295,1.5832738203714853,-0.030010732678778938,33.872073481907776
1972,105.06249999999999,57.38049555711229,10.641765947702313,3.6517759383798496,71.67403744319446,63.03749999999999,1.2121767771550813,64.24967677715507,7.424360666039391,7.066613364463431,105.06249999999999,48.77342122354545,2.40119056302791,53.88788821342663,22.063124999999996,21.555155285370653,10.269607928055983,9.774760669178807,3.6133673401829913,1.2121767771550813,4.825544117338072,1.4453469360731965,2.0281183087589256,1.3520788725059503,1.2869281356392153,31.237235879702048,21.0125,10.641765947702313,2.40119056302791,53.545288875891046,-22.308052996188998,-21.23312599280333,20.755393762162974,22.80522251459557,-2.049828752432596,-1.2121767771550813,3.262005529587677,3.1048238235218824,19.046047466601323,18.12830216928145,21.635181085403048,33.92650946752676,3.7075158130565753,-67.26407342891159,7.9948670629252,58.53006126055819,-33.92650946752676,67.26407342891159,24.60355179303143,-32.29174012376135,64.02291343620378,23.418014794081078,-7.609629566139395,1.6912355162297041,-0.041971718930184,34.896988577717
1973,107.68906249999996,58.62011276710805,10.973865634735734,3.9806832466256696,73.57466164846946,64.61343749999997,1.3204392681567743,65.93387676815675,7.640784880312708,7.095228338822905,107.68906249999996,49.827095852041836,2.603788072975402,55.25817857498272,21.66846124060115,22.10327142999309,11.486445904388482,10.666306900376709,3.924227341132176,1.3204392681567743,5.2446666092889505,1.5696909364528704,2.204985403701648,1.4699902691344322,1.365032097975997,32.306718749999995,21.537812499999994,10.973865634735734,2.603788072975402,56.325453543235795,-24.018734793235804,-22.30378298003645,21.27427860621705,23.375353077460456,-2.1010744712434075,-1.3204392681567743,3.421513739400182,3.177215642860837,20.59722105383562,19.126567337175608,29.275965965715756,45.412955371915245,5.177506082191007,-91.2828082221474,11.416380802325381,62.84466770950803,-45.412955371915245,91.2828082221474,17.431712337592785,-42.17044360648535,84.7651619421865,16.18707780801118,-10.601244487874881,1.7946929534867155,-0.05478881925178674,35.94533668228084
1974,110.38128906249996,59.89368102588465,11.313699505318654,4.311875329007047,75.51925586021036,66.22877343749997,1.430224074021132,67.6589975115211,7.860258348689271,7.121006119287704,110.38128906249996,50.90962887200195,2.8078877755292284,56.663772414968776,19.86863203124999,22.665508965987513,14.129631417731275,12.800748693676528,4.238111849550361,1.430224074021132,5.668335923571493,1.6952447398201445,2.383854710250809,1.5892364735005389,1.4397698079071022,32.818620946111956,22.076257812499993,11.313699505318654,2.8078877755292284,59.58058908907888,-26.76196814296692,-24.24502229523139,19.80121805137349,21.553835880398193,-1.7526178290247039,-1.430224074021132,3.182841903045836,2.883497674360055,23.579126239921084,21.361524620871332,37.13622431440503,59.54258678964652,6.766742555691546,-118.04477636511432,14.599222705371218,67.19588441683456,-59.54258678964652,118.04477636511432,7.653297627188039,-53.942644895125646,106.94274126321821,6.93350992019544,-13.226175223506281,1.8938535049505028,-0.07005368009927657,37.01772399650294
1975,113.14082128906244,61.202004135424005,11.661465803481368,4.64555769226181,77.50902763116717,67.88449277343746,1.5415872423147643,69.42608001575222,8.082947615414952,7.144147906407629,113.14082128906244,52.0217035151104,3.013616257935211,58.10550151601683,17.965268573155896,23.242200606406733,16.8980323364542,14.935398332739314,4.555203500249975,1.5415872423147643,6.09679074256474,1.8220814000999903,2.5648256054788496,1.7098837369859003,1.5112880722487723,32.81083817382811,22.62816425781249,11.661465803481368,3.013616257935211,62.17469731788856,-29.363859144060445,-25.953372805239756,16.971123193359364,18.10253140624999,-1.1314082128906264,-1.5415872423147643,2.672995455205391,2.3625384938440384,26.690863688855053,23.590834311395717,45.21917192981998,76.44061912610073,8.476626292677446,-147.40863550917476,17.27221816057661,71.58640728761047,-76.44061912610073,147.40863550917476,-4.854211838490258,-67.56236896213021,130.28775452545264,-4.290415946414492,-15.266124077752607,1.9889131491244205,-0.08770324912639561,38.11477188891076
1976,115.96934182128899,62.545906675953326,12.017367687288644,4.981937272619257,79.54521163586124,69.58160509277339,1.6545859485151386,71.23619104128852,8.309020594572715,7.164842417901342,115.96934182128899,53.16402067456033,3.2211010472141326,59.58422009951453,17.395401273193347,23.833688039805814,18.355130786515367,15.827571751507378,4.8756869957292714,1.6545859485151386,6.53027294424441,1.9502747982917086,2.7479988875716206,1.8319992583810807,1.579727218943975,32.47141570996092,23.1938683642578,12.017367687288644,3.2211010472141326,63.10019502775194,-30.62877931779101,-26.41110041392712,13.987147831162428,14.465190560969136,-0.4780427298067078,-1.6545859485151386,2.132628678321846,1.8389590255744215,28.496150639469164,24.572141388352694,53.52819252439269,94.79574991261609,10.308625551058526,-178.03741482696577,19.404846838898457,76.01895512641154,-94.79574991261609,178.03741482696577,-18.776794786204547,-81.74207805602465,153.5211048290029,-16.191171296927727,-16.73273861362575,2.080057258618449,-0.10606359620527386,39.23711726660493
1977,118.8685753668212,63.92623451502301,12.381613352052483,5.321222564204188,81.62907043127969,71.32114522009272,1.7692785283596757,73.0904237484524,8.538646682827292,7.1832666089229615,118.8685753668212,54.33729933776956,3.430470689256156,61.100805339795485,18.874760294671912,24.440322135918194,17.785722909205376,14.96251036434122,5.199749217615832,1.7692785283596757,6.969027745975508,2.079899687046333,2.9334768353575047,1.95565122357167,1.645221386339198,32.09451534904173,23.773715073364244,12.381613352052483,3.430470689256156,62.20199311482058,-30.107477765778857,-25.328374360396772,12.177749645756338,12.23592806757118,-0.05817842181484245,-1.7692785283596757,1.8274569501745181,1.5373760007933948,28.28002081560434,23.79099835960338,62.066839207219985,112.58147282182146,12.264276774630197,-208.14489259274464,21.232303789072976,80.49627132180524,-112.58147282182146,208.14489259274464,-32.085201500016225,-94.71087919948722,175.1050619984484,-26.99216458261003,-17.86199903847705,2.1674613210855584,-0.12283686736558301,40.38541295580863
1978,121.84028975099173,65.34385532946898,12.75441615662212,5.6636237483353185,83.76189523442642,73.10417385059503,1.8857245109405092,74.98989836153554,8.771996872890881,7.1995863526083586,121.84028975099173,55.54227703004863,3.6418548285031744,62.656157892439914,21.93125215517851,25.062463156975966,15.662442580285436,12.85489603832623,5.527579339443683,1.8857245109405092,7.413303850384192,2.2110317357774734,3.1213632687640316,2.0809088458426874,1.707898799400015,32.00494540770138,24.36805795019835,12.75441615662212,3.6418548285031744,60.465651100021105,-28.460705692319728,-23.35902659989207,12.482193386900244,12.54182626926046,-0.05963288236021569,-1.8857245109405092,1.9453573933007249,1.5966454095574658,26.515348299019003,21.762381190334604,70.83883608011087,128.2439154021069,14.345185620472884,-236.60559828506436,23.1776611823737,85.02112554516265,-128.2439154021069,236.60559828506436,-43.222789856944246,-105.25575379392353,194.19323342764662,-35.47495655606189,-19.022985934900934,2.251291599435384,-0.13645257940675695,41.56032809224713
1979,124.88629699476652,66.7996591405795,13.135994752828154,6.009352823798283,85.94500671720593,74.93177819685991,2.0039846525645086,76.93576284942442,9.009243867781507,7.213957083024927,124.88629699476652,56.77971026949257,3.855384288268502,64.25120243700546,25.12877188352627,25.700480974802186,13.421949578677001,10.747335697878416,5.8593689408330105,2.0039846525645086,7.86335359339752,2.3437475763332043,3.3117636102385895,2.2078424068257263,1.7678820334614036,32.4704372186393,24.977259398953308,13.135994752828154,3.855384288268502,59.628257458566296,-27.157820239926995,-21.746036909930215,15.062628369867898,15.577428103946149,-0.5147997340782506,-2.0039846525645086,2.5187843866427593,2.016862095565466,24.639035853284234,19.729174814364747,79.84807994789237,141.6658649807839,16.55302802729861,-263.7634185249914,25.69644556901646,89.59631546484668,-141.6658649807839,263.7634185249914,-52.069549515937226,-113.43587598463307,211.2028500100733,-41.6935650819395,-20.5758727637615,2.331705737319254,-0.14699166148646944,42.7625485215935
1980,128.00845441963565,68.29455886279389,13.526573218159745,6.3586237381740425,88.17975581912768,76.80507265178139,2.1241209713986455,78.92919362318003,9.250562195947651,7.2265244025387405,128.00845441963565,58.050375033374806,4.0711911517436965,65.88688823451716,26.881775428123486,26.354755293806864,12.650357512586808,9.882439070091863,6.195312123142342,2.1241209713986455,8.319433094540987,2.478124849256937,3.5047849471704295,2.3365232981136206,1.8252882660812857,33.62519576896625,25.601690883927134,13.526573218159745,4.0711911517436965,61.26684429120933,-27.64164852224308,-21.59361164664061,19.201268162945347,20.481352707141703,-1.280084544196356,-2.1241209713986455,3.4042055155950015,2.659359907928721,24.23744300664808,18.93425173871189,89.09864214384002,154.31622249337073,18.889551325412228,-291.40506704723447,29.100651084611464,94.22466847683752,-154.31622249337073,291.40506704723447,-60.09155401653321,-120.55158637217296,227.64517263207802,-46.94342595493096,-22.73338211647653,2.4088533152162435,-0.15614257163893677,43.992777210222556
1981,131.20866578012655,69.82949086626962,13.926381191755716,6.711652520304091,90.46752457832943,78.72519946807593,2.246196782921262,80.97139625099719,9.496128327332244,7.237424655506687,131.20866578012655,59.35506723632918,4.289408843742708,67.56418970005467,26.400915960129787,27.02567588002187,14.13759785990301,10.774896441363216,6.535605626663969,2.246196782921262,8.78180240958523,2.614242250665588,3.7005360953517856,2.467024063567857,1.8802295175396284,35.42633976063417,26.24173315602531,13.926381191755716,4.289408843742708,65.85659863934511,-30.430258878710937,-23.192263024535716,23.5374258029455,25.620737647932067,-2.083311844986568,-2.246196782921262,4.329508627907829,3.2997124101261885,26.10075025080311,19.89255061440953,98.59477047117227,168.45382035327373,21.356575388980083,-321.8353259259454,33.43015971251929,98.90904345286681,-168.45382035327373,321.8353259259454,-69.54477690040692,-128.3862002190929,245.2851143729045,-53.00318884192211,-25.478621792054508,2.482876361866671,-0.16621607896245014,45.25173466652191
1982,134.4888824246297,71.40541555366134,14.335654013792375,7.068657413974467,92.80972698142818,80.69332945477782,2.370276736200298,83.06360619097812,9.746120790450064,7.24678547010158,134.4888824246297,60.69460322061214,4.51017221323394,69.28410699078363,24.207998836433347,27.71364279631345,17.36246535803683,12.909963295863585,6.880448949434237,2.370276736200298,9.250725685634535,2.752179579773695,3.8991276635165035,2.5994184423443363,1.9328128805004408,37.656887078896325,26.89777648492594,14.335654013792375,4.51017221323394,72.35912251016612,-34.7022354312698,-25.803051379148485,26.568658763654295,29.192612867892564,-2.623954104238269,-2.370276736200298,4.994230840438567,3.7134897326828744,29.70800459083123,22.089561646465608,108.34089126162233,185.81628571131057,23.95599383132442,-356.5375613572152,38.42439055295786,103.65233250714178,-185.81628571131057,356.5375613572152,-82.16395320416879,-138.1647927779055,265.1056019868602,-61.093490943547046,-28.57068172493118,2.55390982528653,-0.17879645013540973,46.540159373014816
1983,137.85110448524543,73.02331795146594,14.754632868353118,7.429859012901438,95.20780983272049,82.71066269114725,2.4964268510200704,85.20708954216732,10.000720290553161,7.254726269983252,137.85110448524543,62.06982025874605,4.733617616711354,71.04766660978802,21.888935284077004,28.41906664391521,20.73966468179581,15.04497534440548,7.230044467731425,2.4964268510200704,9.726471318751495,2.89201778709257,4.100672118995354,2.7337814126635704,1.9831407393302203,39.97682030072118,27.570220897049087,14.754632868353118,4.733617616711354,78.63696649359801,-38.66014619287683,-28.044857774073712,27.232875232745652,29.922428189589873,-2.6895529568442207,-2.4964268510200704,5.185979807864291,3.762015420354764,33.47416638501254,24.282842353718948,118.3416115521755,206.55595039310637,26.68977524398799,-395.19770755009205,43.61037036082215,108.45746278275162,-206.55595039310637,395.19770755009205,-98.09848761035475,-149.8398951277279,286.68446946857154,-71.16264173338887,-31.63585124955592,2.6220820071444524,-0.19381912665062317,47.858808229556445
1984,141.29738209737656,74.68420831629483,15.18356492986676,7.795480397102295,97.66325364326389,84.77842925842593,2.6247145558786817,87.40314381430461,10.260109828959273,7.261358757438558,141.29738209737656,63.481577068850605,4.959883002456129,72.85592202606982,21.194607314606483,29.14236881042793,22.51894590103541,15.937270434010053,7.584597558334811,2.6247145558786817,10.209312114213493,3.0338390233339245,4.30528385452774,2.8701892363518278,2.0313109795437025,42.01060943495673,28.259476419475313,15.18356492986676,4.959883002456129,82.5280679519994,-40.51745851704268,-28.675307295587153,25.34723318382511,27.5907321786426,-2.2434989948174895,-2.6247145558786817,4.868213550696171,3.4453671245948434,35.64924496634651,25.229940170992315,128.60172138113478,229.07489629414178,29.55996448033982,-435.7151660671347,48.47858391151832,113.32739825886026,-229.07489629414178,435.7151660671347,-115.74749803528152,-162.1225339732568,308.3674726307789,-81.91765220074136,-34.30961224611281,2.6875149638839786,-0.20961452862374277,49.2084570078724
1985,144.82981664981097,76.38912275644451,15.622703513203925,8.165747270735656,100.17757354038409,86.89788998988658,2.7552087268787164,89.6530987167653,10.524474823618789,7.266787369527838,144.82981664981097,64.93075434297783,5.189107995741016,74.70995431109212,22.997062632833398,29.88398172443685,21.82890995382187,15.072110466453706,7.944316722619732,2.7552087268787164,10.699525449498449,3.177726689047893,4.513079256270333,3.008719504180222,2.0774171878261156,43.4489449949433,28.965963329962193,15.622703513203925,5.189107995741016,83.014556169941,-39.565611174997706,-27.318691751619607,21.72447249747165,23.172770663969757,-1.448298166498109,-2.7552087268787164,4.203506893376826,2.902376727811947,35.36210428162088,24.41631502380766,139.12619620475357,250.90380624796364,32.56868398452004,-475.2807772421324,52.68209080489515,118.26514157980141,-250.90380624796364,475.2807772421324,-132.63866466816222,-173.24043629402132,328.1650065133551,-91.5824294584822,-36.375169163043964,2.7503248776214595,-0.22389145557337703,50.58990081771421
1986,148.45056206605622,78.1391238691463,16.072308227522925,8.540888101496481,102.7523201981657,89.07033723963373,2.8879797275344106,91.95831696716814,10.79400323099756,7.271109708695168,148.45056206605622,66.41825528877436,5.42143398503,76.61087279225185,26.721101171890115,30.64434911690074,19.245422503461,12.964196454101225,8.30941371256441,2.8879797275344106,11.197393440098821,3.3237654850257643,4.724176773043834,3.149451182029223,2.1215488430604985,44.13739653760141,29.690112413211246,16.072308227522925,5.42143398503,80.8261882915146,-36.68879175391319,-24.714484905478322,17.90473175606062,18.51666686595162,-0.6119351098910002,-2.8879797275344106,3.4999148374254108,2.3576298996214304,33.188876916487786,22.356855005856893,149.92019943575113,270.14922875142463,35.71813516654927,-511.9695689960456,56.182005642320554,123.27373590720563,-270.14922875142463,511.9695689960456,-146.875492844219,-181.97925625314642,344.87546686972723,-98.93899410017973,-37.845599814786276,2.8106223995377633,-0.23508345391477867,52.003954584914744
1987,152.16182611770762,79.93530139388425,16.532645133958912,8.921134261651911,105.38908078949507,91.29709567062457,3.023099449519052,94.32019512014362,11.068885669351445,7.274416949221483,152.16182611770762,67.94500618480161,5.657004209226562,78.55981572367945,30.616968473754152,31.42392628947178,16.518920960453514,10.856153203415813,8.680103658745614,3.023099449519052,11.703203108264665,3.4720414634982455,4.938696986859852,3.2924646579065673,2.163791498768962,44.12692957413522,30.432365223541524,16.532645133958912,5.657004209226562,78.10477360993671,-33.977844035801496,-22.330071150379926,15.588549104625347,15.663022403196265,-0.07447329857091844,-3.023099449519052,3.0975727480899704,2.0357094989736684,30.880271287711526,20.294361651406255,160.98908510510256,286.66814971187813,39.01059982445584,-545.9474130318471,59.27957839041053,128.356266796302,-286.66814971187813,545.9474130318471,-158.31188291557612,-188.39689101136355,358.793941267187,-104.04178692828714,-38.95824590364321,2.868512968205324,-0.24326953678216673,53.451453541633285
1988,155.9658717706503,81.77877288218154,17.0039869072524,9.306720170805065,108.089479960239,93.57952306239018,3.160641354376955,96.74016441676713,11.349315543471874,7.2767942208287595,155.9658717706503,69.51195694985431,5.895963846024338,80.55795097477164,32.75283307183656,32.223180389908656,15.581937513026418,9.990607134835143,9.056605200401293,3.160641354376955,12.217246554778248,3.6226420801605173,5.156762684770638,3.437841789847093,2.2042269573580056,43.67044409578209,31.19317435413006,17.0039869072524,5.895963846024338,77.27651542753962,-33.60607133175753,-21.54706728480681,15.978262832240976,16.05459796327617,-0.07633513103519363,-3.160641354376955,3.2369764854121486,2.075438971784905,30.369094846345384,19.471628313021906,172.33840064857444,302.2500872249045,42.44844161430293,-579.5534843636046,62.51655487582268,133.51586409755183,-302.2500872249045,579.5534843636046,-168.7342231273527,-193.7924520239703,371.5899368137698,-108.18663160840624,-40.08348375582707,2.924097105046305,-0.2501305652784543,54.93325372908703
1989,159.86501856491654,83.67068438426463,17.486613001415684,9.69788344047489,110.85518082615522,95.91901113894993,3.3006805162249497,99.21969165517487,11.63548917098035,7.27832097067284,159.86501856491654,71.12008172662493,6.138460101414767,82.60647673687684,32.166952502737956,33.042590694750736,17.396933539388144,10.882264109783188,9.439140617639715,3.3006805162249497,12.739821133864666,3.7756562470558865,5.378498932085267,3.5856659547235132,2.242933436540076,43.16355501252747,31.97300371298331,17.486613001415684,6.138460101414767,79.74131137679439,-36.57775636426692,-22.880400410683812,19.28143777124146,19.94042495419142,-0.6589871829499607,-3.3006805162249497,3.9596676991749105,2.476881893687708,32.618088665092,20.4035185169961,183.97388981955478,319.6470207642927,46.034107569026446,-616.1312407278715,66.47622257499759,138.75570388478698,-319.6470207642927,616.1312407278715,-180.8913168795057,-199.94807096243716,385.40716803387386,-113.15253236970726,-41.58271970425071,2.9774706888991744,-0.25796768275402243,56.45023251307457
1990,163.8616440290394,85.61221115302537,17.98080981953806,10.094865020581311,113.68788599314475,98.31698641742365,3.443293665468919,101.76028008289256,11.927605910252183,7.279071304898163,163.8616440290394,72.77037948007157,6.384642300406865,84.70662224856098,29.495095925227098,33.88264889942439,21.32887742390949,13.016394135609676,9.827935965875785,3.443293665468919,13.271229631344703,3.931174386350314,5.604033146996633,3.736022097997756,2.2799857282865177,43.043093399430425,32.77232880580788,17.98080981953806,6.384642300406865,85.11750893734916,-42.07441553791874,-25.676793240559913,24.579246604355905,26.2178630446463,-1.638616440290395,-3.443293665468919,5.081910105759314,3.1013420717655578,36.992505432159426,22.575451168794356,195.90149572980698,340.97589818820217,49.7701296670242,-658.2056562657903,71.55813268075691,144.07901041104125,-340.97589818820217,658.2056562657903,-196.8968877771609,-208.08768287945085,401.6837864443394,-120.16044934973739,-43.66984910030284,3.0287252114763974,-0.2683583165337031,58.003289112603255
1991,167.95818512976538,87.60455836571117,18.48687088783348,10.49790934792599,116.58933860147064,100.77491107785923,3.588559233561576,104.36347031142081,12.225868290049831,7.27911431086497,167.95818512976538,74.46387461085449,6.634661979015125,86.85964853989577,26.669542173526487,34.74385941595831,25.446246950410973,15.150346457215566,10.223221212576702,3.588559233561576,13.811780446138277,4.089288485030681,5.833495176664558,3.888996784443039,2.3154553506507467,43.669128133739,33.59163702595308,18.48687088783348,6.634661979015125,91.48561468571293,-47.816486551973924,-28.469280324165595,30.129894980519055,32.79671027402756,-2.666815293508506,-3.588559233561576,6.255374527070082,3.724364205434315,41.56111202490384,24.744916118731282,208.12736401985683,366.42214513861313,53.65912645146724,-706.0221428177642,77.813507207827,149.48905809327903,-366.42214513861313,706.0221428177642,-216.9330870453341,-218.16271999814325,420.35590124547235,-129.15898494481257,-46.32909503499807,3.077948015322484,-0.2812369543266193,59.593345141942066
1992,172.15713975800952,89.64896186378476,19.005097034036552,10.907264496760245,119.56132339458156,103.29428385480571,3.736557398828283,107.030841253634,12.53048214094757,7.278514361101074,172.15713975800952,76.20161758421705,6.888672977572165,89.0668491962203,25.823570963701428,35.62673967848812,27.616538554030754,16.041471525868513,10.625230376400449,3.736557398828283,14.361787775228732,4.25009215056018,6.067017374801131,4.044678249867422,2.3494106927849594,45.22215000277658,34.431427951601904,19.005097034036552,6.888672977572165,96.50928943996661,-51.28713943719003,-29.790887272686533,34.01012944338094,37.36901253689694,-3.358883093515999,-3.736557398828283,7.095440492344283,4.1214906929319906,44.19169894484575,25.669396579754544,220.6578461608044,394.0386836926439,57.70380470133466,-757.3092822549543,84.90894770017128,154.98917352724425,-394.0386836926439,757.3092822549543,-239.04951016539962,-228.88314957283754,439.89420556095223,-138.8554145947223,-49.32060780024718,3.125222515726705,-0.29493853006562143,61.221345166427895
1993,176.46106825195974,91.74668891140588,19.535796570255766,11.323182331532923,122.60566781319457,105.87664095117584,3.887370133388393,109.76401108456423,12.84165672863034,7.277331399974522,176.46106825195974,77.98468557469499,7.146831535423673,91.32955114184108,28.01968774606126,36.53182045673643,26.778042939043388,15.175042973676431,11.034201668812067,3.887370133388393,14.921571802200459,4.413680667524827,6.304734680805379,4.203156453870253,2.381917153458904,47.644488428029135,35.29221365039195,19.535796570255766,7.146831535423673,98.7975698538154,-51.15308142578627,-28.98830996123598,34.860382679465474,38.30323785031937,-3.442855170853896,-3.887370133388393,7.330225304242289,4.154018434126123,43.82285612154398,24.834291527109855,233.49950288943475,420.8167266316873,61.90696115520491,-808.4623636807405,92.23917300441357,160.58273753366942,-420.8167266316873,808.4623636807405,-260.2339890980179,-238.47567670327402,458.153388557287,-147.47388286601725,-52.271684580708744,3.1706284079063125,-0.3071782144044702,62.88825727236329
1994,180.8725949582587,93.89903897299811,20.07928548039528,11.745918661912313,125.72424311530571,108.52355697495521,4.041081251200257,112.56463822615547,13.159604889150245,7.275621214030342,180.8725949582587,79.8141831270484,7.409296387063906,93.6491154441464,32.55706709248656,37.45964617765856,23.632402174001285,13.065772722205432,11.450377638264163,4.041081251200257,15.49145888946442,4.580151055305666,6.546784700495253,4.364523133663502,2.413037273375071,50.64432658831244,36.174518991651745,20.07928548039528,7.409296387063906,98.71380642451366,-48.069479836201225,-26.576430689953096,32.44660143675553,35.31846982494146,-2.8718683881859306,-4.041081251200257,6.912949639386188,3.821999480342249,41.156530196815034,22.75443120961085,246.659107778585,444.4491288056886,66.27148428886841,-856.5318435169418,99.15212264379976,166.27318723710397,-444.4491288056886,856.5318435169418,-278.1759415685846,-245.7249695058875,473.55534635559906,-153.79662222061964,-54.81876492493615,3.214241860652168,-0.31639318513425724,64.59507365135161
1995,185.3944098322152,96.10734451037683,20.63588761225967,12.175733400177535,128.91896552281403,111.2366458993291,4.197776457258763,115.43442235658787,13.48454316622616,7.273435686884993,185.3944098322152,81.69124283382031,7.67622885977095,96.02693813862393,37.30380310139185,38.41077525544958,20.312359781782504,10.95629571580152,11.874005317029713,4.197776457258763,16.071781774288475,4.749602126811886,6.7933077884859525,4.528871858990637,2.4428308615612178,53.764378851342414,37.07888196644304,20.63588761225967,7.67622885977095,98.14187421392263,-44.37749536258022,-23.93680338190485,27.809161474832283,29.663105573154436,-1.8539440983221525,-4.197776457258763,6.051720555580915,3.2642411176571158,38.325774806999306,20.67256226424773,260.14365094481116,464.7614885874711,70.80035614785905,-900.909338879522,105.20384319938067,172.0640181786405,-464.7614885874711,900.909338879522,-292.69747040883055,-250.687973282521,485.9420193385868,-157.8782610941324,-56.745962995643595,3.256135697517606,-0.3226604933965121,66.34281119942375
1996,190.02927007802052,98.37297179992456,21.20593487445846,12.612890721076266,132.19179739545928,114.0175620468123,4.357543397974898,118.3751054447872,13.81669195067208,7.270823039524041,190.02927007802052,83.61702602993587,7.947792972801799,98.46445107528285,39.906146716384306,39.385780430113144,19.17252392878541,10.089247788466338,12.305336370776697,4.357543397974898,16.662879768751594,4.922134548310679,7.0444471322645486,4.696298088176366,2.4713551161082723,56.49959912884934,38.00585401560411,21.20593487445846,7.947792972801799,99.32598517068067,-42.82638604183132,-22.536731327888617,22.91957038891489,23.702899065137462,-0.7833286762225704,-4.357543397974898,5.1408720741974685,2.7053053837899683,37.68551396763385,19.831425944098648,273.9603428954832,483.93401251625653,75.49665423603541,-943.7357249213534,110.34471527357815,177.958786463838,-483.93401251625653,943.7357249213534,-305.9752260524185,-254.6628802592186,496.6265062923637,-161.01478784125936,-58.06722050149106,3.2963795665316957,-0.3276539618995798,68.13251213132098
1997,194.78000182997104,100.69732177031409,21.789767438230832,13.05765922424724,135.54474843279215,116.86800109798261,4.520471712767707,121.38847281075032,14.156275622041832,7.267828056803924,194.78000182997104,85.59272350476698,8.224155538208285,100.96312278699578,39.19230813339981,40.38524911479831,21.38556553879765,10.97934353520836,12.744627250975991,4.520471712767707,17.265098963743696,5.097850900390397,7.3003488380119785,4.866899225341321,2.498664739509436,58.43400054899132,38.956000365994214,21.789767438230832,8.224155538208285,103.45854476639579,-45.02454421740446,-23.115588763936685,19.95466077527686,20.049992893732814,-0.09533211845595346,-4.520471712767707,4.61580383122366,2.3697524324149692,40.4087403861808,20.74583633152172,288.11661851752507,505.3195780550542,80.36355346137674,-988.7602691387578,114.9605191048018,183.96111094716278,-505.3195780550542,988.7602691387578,-321.35846710789144,-259.430934032007,507.62925343941345,-164.9853496707605,-59.020699263137956,3.335040099328611,-0.3336661044192268,69.96524461030648
1998,199.6495018757203,103.08183086129027,22.38773394431314,13.51031209930729,138.9798769049107,119.78970112543217,4.6866530868995655,124.47635421233174,14.503522692578954,7.2644923009160545,199.6495018757203,87.61955623209673,8.505486263335815,103.52445938028775,35.936910337629655,41.4097837521151,26.177765290542993,13.111861058806134,13.19213935023538,4.6866530868995655,17.878792437134944,5.2768557400941525,7.561162018224475,5.040774678816316,2.5248120488445522,59.359891334747346,39.92990037514406,22.38773394431314,8.505486263335815,109.86632250500253,-50.50643117025518,-25.297549303025512,20.453527294658777,20.55124271607613,-0.09771542141735168,-4.6866530868995655,4.784368508316917,2.396383894458768,45.72206266193827,22.901165408566744,302.620141210104,531.4973433455972,85.40432814019306,-1039.266700309013,119.74488761311872,190.0746754542883,-531.4973433455972,1039.266700309013,-341.4226678913089,-266.2152113339349,520.5456014390387,-171.01102917043133,-59.977553907276295,3.3721810605042832,-0.34226844974750664,71.84210339388854
1999,204.6407394226133,105.52797190403602,23.00019171497565,13.971127293704559,142.49929091271625,122.78444365356798,4.8561813055866505,127.64062495915462,14.858665953561626,7.260854312530747,204.6407394226133,89.69877611843062,8.79195785506796,106.15000544911473,32.49424745948762,42.4600021796459,31.19575580998122,15.244157100877839,13.64813916065461,4.8561813055866505,18.50432046624126,5.459255664261844,7.827038881187649,5.218025920791767,2.549847081042731,59.345814432557866,40.928147884522666,23.00019171497565,8.79195785506796,116.31800273019688,-56.972188297639015,-27.840100880393635,24.681870480850037,25.525429788567784,-0.8435593077177472,-4.8561813055866505,5.699740613304398,2.7852423859423188,51.272447684334615,25.054858494451317,317.47880716366564,562.6930991555785,90.62235406098483,-1096.238888606652,125.44462822642312,196.3032310436205,-562.6930991555785,1096.238888606652,-366.389868111958,-274.9663144998388,535.6894681379923,-179.04053178546667,-61.29992912474845,3.4078634879391516,-0.3533949255897228,73.76421049584727
2000,209.75675790817857,108.03725502365992,23.627506971357544,14.440387683440921,146.1051496784584,125.85405474490713,5.02915230941711,130.88320705432423,15.221942624134158,7.2569498003004,209.75675790817857,91.83166677011093,9.08374612588091,108.84134501218674,31.463513686226783,43.5365380048747,33.84129332108526,16.133589047891057,14.112898435298021,5.02915230941711,19.14205074471513,5.645159374119209,8.098134822357553,5.398756548238371,2.5738176934455135,58.73189221429002,41.95135158163572,23.627506971357544,9.08374612588091,120.3206045962467,-61.588712381956675,-29.361968117812566,31.46351368622678,33.56108126530856,-2.0975675790817796,-5.02915230941711,7.126719888498889,3.397611576175593,54.461992493457785,25.964356541636967,332.7007497877998,596.5343924766637,96.0211106092232,-1157.8276009886085,132.57134811492202,202.65059830843603,-596.5343924766637,1157.8276009886085,-393.88379416822767,-284.3934080721241,551.9858394719515,-187.7812176810299,-63.20242047836923,3.4421458247604826,-0.36538467522604945,75.73271586496752
2001,215.00067685588303,110.61122856435685,24.270055056232827,14.918381246768666,149.79966486735833,129.0004061135298,5.205664251110365,134.20607036464017,15.593594502718162,7.252811819364966,215.00067685588303,94.01954427970333,9.381030101772966,111.60010247440674,34.13926873712416,44.640040989762696,32.82079274751989,15.265436940703204,14.586694352883331,5.205664251110365,19.792358603993698,5.834677741153333,8.37460851770422,5.583072345136145,2.5967696598827597,58.050182751088435,43.00013537117661,24.270055056232827,9.381030101772966,120.6670556370197,-62.616872885931265,-29.124035236365298,38.56881288282183,41.98256192226854,-3.4137490394467065,-5.205664251110365,8.619413290557072,4.009016816414372,53.997459595374195,25.11501841995093,348.294344290518,629.3551852241836,101.60418295435935,-1220.4444738745399,141.1907614054791,209.12066972104765,-629.3551852241836,1220.4444738745399,-420.234515503136,-292.72242042570235,567.6468054529034,-195.4572988553069,-65.66991484409166,3.475084043558959,-0.3759585467934576,77.74879808089057
2002,220.3756937772801,113.2514800378068,24.928220662342746,15.405401240967942,153.58510194111747,132.22541626636806,5.385817553651709,137.61123382001978,15.973868121097695,7.248470939468253,220.3756937772801,96.26375803213578,9.683992132135327,114.42794361300899,39.66762487991041,45.7711774452036,28.98914128789498,13.15441861623473,15.069809685787035,5.385817553651709,20.455627239438744,6.027923874314815,8.656622019074357,5.771081346049574,2.6187467624637604,57.88817527388355,44.075138755456024,24.928220662342746,9.683992132135327,118.30773791634978,-60.41956264246623,-27.41661823355551,43.53584104658939,47.83549538036167,-4.299654333772281,-5.385817553651709,9.68547188742399,4.394981915388767,50.734090755042246,23.021636318166745,364.26821241161565,658.3443265120786,107.37526430040892,-1280.864036517006,150.8762332929031,215.71741202043452,-658.3443265120786,1280.864036517006,-442.62691449164413,-298.7372678120419,581.2183796510222,-200.85105889172127,-68.46319151938064,3.506731763421013,-0.38355685142699897,79.81366506750666
2003,225.8850861217121,115.95963709539134,25.602398066434088,15.90174638231367,157.4637815441391,135.53105167302726,5.56971496983725,141.10076664286453,16.363014901274568,7.243955403261018,225.8850861217121,98.56569153108263,9.992818001631626,117.32657658899785,45.45106178687528,46.930630635599144,24.944884166523423,11.043174471944793,15.562532971468876,5.56971496983725,21.132247941306126,6.225013188587551,8.944340851631145,5.96289390108743,2.639790879276769,58.730122391645146,45.17701722434242,25.602398066434088,9.992818001631626,115.97777602248439,-57.24765363083925,-25.343706666846032,44.624237072754134,49.03138276487072,-4.407145692116586,-5.56971496983725,9.976860661953836,4.416785912363454,47.27079296888542,20.926920754482577,380.63122731289025,683.2892106786021,113.33815820149634,-1338.1116901478454,160.85309395485694,222.44486864480373,-683.2892106786021,1338.1116901478454,-460.8443420337984,-302.4941674593028,592.3860282775995,-204.017161976548,-71.21014349224701,3.5371403602904,-0.3882548640689801,81.92855482432338
2004,231.53221327475487,118.73736852482119,26.29299136914593,16.407721029342312,161.43808092330943,138.91932796485293,5.757461643265147,144.67678960811807,16.761291315191357,7.239291275335866,231.53221327475487,100.926763246098,10.307697044154896,120.29775298450197,48.62176478769852,48.11910119380079,23.55688700300267,10.174345362063361,16.065158687420045,5.757461643265147,21.82262033068519,6.426063474968018,9.237934113430303,6.15862274228687,2.6599420681814796,60.818764147123886,46.30644265495098,26.29299136914593,10.307697044154896,116.72926118755285,-55.910497040428965,-24.148042403966073,41.53439301089006,45.21062734757298,-3.676234336682924,-5.757461643265147,9.433695979948071,4.074463698385367,46.476801060480895,20.073578705580704,397.3925186280816,706.8460976816048,119.49678094378321,-1394.0221871882743,170.28678993480503,229.3071622105734,-706.8460976816048,1394.0221871882743,-477.5389354710313,-305.29060629796857,602.0856309674779,-206.2516177411326,-73.54777442252882,3.566359071129078,-0.39172031072637364,84.09473617625319
2005,237.32051860662372,121.58638527178393,27.00041474089111,16.923635369531013,165.51043538220605,142.39231116397423,5.949165170809893,148.34147633478412,17.168959047421936,7.234502582509839,237.32051860662372,103.34842748101633,10.628822258931853,123.34326886667554,47.75202178983583,49.33730754667022,26.253939530169504,11.062650496600062,16.577987429741746,5.949165170809893,22.527152600551638,6.631194971896699,9.537574577192963,6.358383051461978,2.6792386468704237,64.07654002378841,47.46410372132475,27.00041474089111,10.628822258931853,122.18019200971796,-58.103651985929545,-24.483197798097112,35.59807779099357,37.97128297705981,-2.3732051860662366,-5.949165170809893,8.32237035687613,3.506806072116787,49.78128162905342,20.976391725980324,414.5614776755035,733.1000372117743,125.85516399524519,-1452.1258391742037,178.60916029168115,236.30849703929943,-733.1000372117743,1452.1258391742037,-496.79154017247487,-308.9071444458377,611.8838133761242,-209.33358105286445,-75.26073233799856,3.594435092308074,-0.3962383700641707,86.31350954227722
2006,243.2535315717893,124.50844148723539,27.725092673882216,17.449805609503578,169.6833397706212,145.95211894307357,6.144935666617384,152.09705460969096,17.58628516093023,7.229611445842522,243.2535315717893,105.83217526415008,10.956390428845724,126.46496587879348,43.78563568292208,50.58598635151739,32.09334384435401,13.19337221415944,17.101326095463108,6.144935666617384,23.246261762080493,6.840530438185244,9.84343879433715,6.5622925295581,2.697717269367342,68.11098884010102,48.65070631435786,27.725092673882216,10.956390428845724,131.50057297301905,-63.38958413291803,-26.059060159712587,29.338987814470435,30.341714745928744,-1.0027269314583087,-6.144935666617384,7.1476625980756925,2.938359230343287,56.24192153484234,23.120700929369303,432.14776283643374,765.1933810561283,132.4174565248033,-1515.5154233071219,185.75682288975685,243.4531617340934,-765.1933810561283,1515.5154233071219,-521.7402193220348,-314.5661960637572,623.0188780876388,-214.48412935705238,-76.3634639503419,3.6214136726234525,-0.4033756836600922,88.58620772345157
2007,249.334869861084,127.5053356009748,28.467460240455896,17.986554168880023,173.95935001031071,149.6009219166504,6.344885827659402,155.9458077443098,18.01354226600091,7.224638204851608,249.334869861084,108.37953526082858,11.290602241050182,129.66473235920523,39.591085257043986,51.8658929436821,38.20775415847915,15.323871137545444,17.635488068709584,6.344885827659402,23.980373896368988,7.054195227483834,10.155707201331092,6.77047146755406,2.7154129991229077,72.30711225971436,49.866973972216805,28.467460240455896,11.290602241050182,141.76579915080885,-69.45868689109449,-27.857590448457188,25.5436528431132,25.665686014514165,-0.12203317140096459,-6.344885827659402,6.466918999060367,2.593668106937223,62.99176789203412,25.26392234151996,450.16130510243465,803.4011352146074,139.18792799235734,-1584.9741101982163,192.22374188881722,250.74553180711203,-803.4011352146074,1584.9741101982163,-552.6556034074954,-322.21772095584515,635.6808861437146,-221.65195093466284,-77.09460854629518,3.647338201300094,-0.41306587154785,90.9141967107366
2008,255.5682416076111,130.57891142215857,29.227963357852833,18.53420987788853,178.34108465789996,153.34094496456666,6.54913100088713,159.8900759654538,18.451008692446152,7.219601534362422,255.5682416076111,110.99207470883478,11.63166240994834,132.94450448882796,38.335236241141665,53.17780179553119,41.43146645215511,16.211508202872587,18.18079341083547,6.54913100088713,24.7299244117226,7.272317364334189,10.474564228433046,6.983042818955365,2.7323593788608678,75.98567944278531,51.11364832152222,29.227963357852833,11.63166240994834,149.52541240791504,-73.53973296512974,-28.774988825896298,26.182244164191022,26.307328164877006,-0.1250840006859839,-6.54913100088713,6.674215001573114,2.611519709800417,66.86551796355663,26.16346911609588,468.61231379488083,844.8326016667625,146.1709708113127,-1658.513843163346,198.89795689039033,258.1900723597279,-844.8326016667625,1658.513843163346,-586.6425293070346,-330.5702603549167,648.9514631124472,-229.54437750827478,-77.8257719500884,3.6722502913167205,-0.423651761018703,93.29887651313926
2009,261.9574476478013,133.7310592674251,30.007059059614782,19.09310817886092,182.83122650590082,157.17446858868078,6.757789252024259,163.93225784070503,18.89896866519578,7.214518554404768,261.9574476478013,113.67140037731134,11.979779802612155,136.30626746787783,41.59538394818181,54.52250698715113,40.18837653254488,15.341566690853423,18.737569054636413,6.757789252024259,25.495358306660673,7.4950276218545655,10.800198410883665,7.200132273922442,2.748588497320731,78.5872342943404,52.39148952956026,30.007059059614782,11.979779802612155,152.71232824995022,-74.12509395560981,-28.296616347884918,31.594880924392424,32.674708156314885,-1.0798272319224616,-6.757789252024259,7.837616483946721,2.9919426053059976,66.2874774716631,25.30467374257892,487.5112824600766,885.0209781993074,153.37110308523515,-1732.638937118956,206.73557337433706,265.79134081702324,-885.0209781993074,1732.638937118956,-619.2296373822842,-337.849137768821,661.419994994175,-236.3855820640118,-78.91952499563615,3.6961898583588804,-0.43285902873486626,95.74168200667337
2010,268.5063838389963,136.96371711731965,30.805215773764317,19.663591331735248,187.4325242228192,161.10383030339779,6.970981436041296,168.07481173943907,19.35771248338014,7.209404933548077,268.5063838389963,116.4191595497217,12.335167566719141,139.75205672255547,48.33114909101933,55.90082268902219,35.52008494251395,13.22876738893953,19.306149002760435,6.970981436041296,26.27713043880173,7.722459601104174,11.132802502618533,7.421868335079022,2.76413105303648,79.8324544645763,53.70127676779927,30.805215773764317,12.335167566719141,151.78816549998066,-71.95571103540438,-26.798510339534783,40.27595757584943,42.9610214142394,-2.685063838389965,-6.970981436041296,9.65604527443126,3.5962069640106904,62.29966576097311,23.20230337552409,506.86899494345676,920.5410631418213,160.79297142031416,-1804.5946481543604,216.39161864876831,273.5539897182824,-920.5410631418213,1804.5946481543604,-646.9870734235388,-342.83768228535024,672.0863103338519,-240.95779927954703,-80.59086549633865,3.7191951956823748,-0.4391305977792451,98.2440838046536
2011,275.21904343497124,140.27887180172436,31.622913607936546,20.246008623691264,192.14779403335217,165.13142606098273,7.1888312693536465,172.32025733033637,19.827536703015795,7.204274986044215,275.21904343497124,119.23704103146571,12.698043261084699,143.28395914242083,55.377705376031095,57.31358365696833,30.59267010942139,11.11575337505663,19.886874530438345,7.1888312693536465,27.07570579979199,7.954749812175338,11.472573592569992,7.64838239504666,2.7790164152844388,79.81352259614168,55.043808686994254,31.622913607936546,12.698043261084699,149.44083045614008,-69.62730785999838,-25.298869944095976,49.371341259301516,53.7412286424624,-4.369887383160886,-7.1888312693536465,11.558718652514532,4.199825167710688,58.068589207483846,21.099044776385284,526.6965316464725,951.1337332512427,168.44135381536083,-1874.2219560143587,227.95033730128284,281.4827695651911,-951.1337332512427,1874.2219560143587,-669.6509636860516,-345.5915409705203,680.9928312454149,-243.31563518578855,-82.82505979828498,3.7413030451475495,-0.44254022522546227,100.80758914985279
2012,282.0995195208455,143.6785602150181,32.46064464163693,20.840716583047385,196.97992143970245,169.25971171250728,7.411465403787223,176.6711771162945,20.30874432340795,7.199141763127765,282.0995195208455,122.12677618276538,13.06862898887012,146.90411434920998,59.24089909937755,58.76164573968399,28.901569510148434,10.245167931954871,20.480094392657342,7.411465403787223,27.891559796444565,8.192037757062938,11.819713223628975,7.87980881575265,2.793272682327408,78.98786546583675,56.419903904169104,32.46064464163693,13.06862898887012,148.9933745769818,-70.00550911114505,-24.815890941626385,55.72955724232842,61.2334783003772,-5.503921058048782,-7.411465403787223,12.915386461836004,4.578308564216336,57.09012264930904,20.237582377410046,547.0052759698805,980.0353027613911,176.32116263111348,-1944.2274651255038,240.86572376311884,289.582531729487,-980.0353027613911,1944.2274651255038,-690.4527710319041,-347.40764692758444,689.1991409371532,-244.7550326227634,-85.38324495278705,3.7625486646647626,-0.4447505581460304,103.43374282906586
2013,289.1520075088666,147.16487056170772,33.31891322580323,21.44807919755002,201.93186298506097,173.49120450531993,7.6390135023562395,181.13021800767618,20.801644977384797,7.194017138804383,289.1520075088666,125.09013997745156,13.447151533547743,150.61471599786728,58.18120171069268,60.24588639914691,32.18762788802769,11.13173246325834,21.08616503590398,7.6390135023562395,28.72517853826022,8.434466014361593,12.174427514339175,8.116285009559451,2.806926737076371,78.071042027394,57.830401501773316,33.31891322580323,13.447151533547743,152.45713248922218,-74.38609046182818,-25.725600559611262,57.122796173386625,62.76431525788662,-5.641519084499997,-7.6390135023562395,13.280532586856236,4.5929242204721685,61.105557874971936,21.132676339139092,567.8069209472653,1012.2229306494188,184.43744764067293,-2018.613555587332,254.14625634997506,297.85823142184154,-1012.2229306494188,2018.613555587332,-714.3646992275773,-350.0660221487066,698.115006351956,-247.05507161511647,-87.89365100367907,3.782965892272968,-0.448040739331984,106.12412811063606
2014,296.38080769658825,150.73994363329038,34.19823628985415,22.068468137188983,207.0066480603335,177.82848461795294,7.8716083168991435,185.70009293485208,21.306555125481424,7.1889118904397575,296.38080769658825,128.1289520882968,13.833842497706568,154.41801311058487,53.348545385385925,61.76720524423395,39.302262480965,13.260731282303412,21.70545081460571,7.8716083168991435,29.577059131504853,8.682180325842285,12.53692728339754,8.357951522265026,2.8200043002856146,77.8531599818568,59.276161539317656,34.19823628985415,13.833842497706568,159.39742818269917,-81.54426820084235,-27.51334299767516,53.167534545817595,57.87342530104936,-4.7058907552317635,-7.8716083168991435,12.577499072130907,4.2436955246463794,68.96676912871145,23.269647473028783,589.1134760727467,1051.5251931303837,192.79539916293794,-2100.1578237881745,266.72375542210597,306.31493072379016,-1051.5251931303837,2100.1578237881745,-745.2102624065935,-354.78855776884643,708.6011540727542,-251.43674727058647,-89.99359894286985,3.8025872070567077,-0.45397345898902997,108.88036770551508
2015,303.7903278890029,154.40597411712764,35.09914365641201,22.702262981675464,212.20738075521513,182.27419673340174,8.109385767619619,190.38358250102135,21.823798254193775,7.1838357744449395,303.7903278890029,131.2450779995585,14.228938444783283,158.31631144466112,48.23789299274457,63.326524577864454,46.7518938740521,15.389526782805943,22.338324212402902,8.109385767619619,30.447709980022523,8.935329684961161,12.907428177036817,8.604952118024546,2.832529981391827,78.98548525114076,60.758065577800586,35.09914365641201,14.228938444783283,167.31341854392082,-88.32793329278007,-29.075294762199537,45.568549183350456,48.60645246224048,-3.0379032788900275,-8.109385767619619,11.147289046509647,3.6694022235568258,77.18064424627042,25.40589253864271,610.9372743269405,1098.2770870044358,201.4003512809625,-2188.4857570809545,277.8710444686156,314.95780168456594,-1098.2770870044358,2188.4857570809545,-783.3192853198698,-361.5247050938757,720.3934938575695,-257.8486585675875,-91.4680353385518,3.8214437870914284,-0.4624821776027521,111.70412475244086
2016,311.38508608622794,158.1652119381288,36.02217836389121,23.349851452721687,217.5372417547417,186.83105165173677,8.352485024580906,195.1835366763177,22.353705078424014,7.178797597337043,311.38508608622794,134.44043014740947,14.63268104380547,162.311974895013,46.70776291293419,64.9247899580052,50.6794220240736,16.2754814821284,22.985166068386377,8.352485024580906,31.337651092967285,9.194066427354551,13.286150799367642,8.857433866245092,2.844527327102723,81.79447620593827,62.27701721724559,36.02217836389121,14.63268104380547,173.3210974462711,-91.52662124033283,-29.393386302061852,37.55638484366885,38.83996009067807,-1.2835752470092174,-8.352485024580906,9.636060271590123,3.094579895493688,81.8905609687427,26.298806406568165,633.2909794053645,1148.9565090285093,210.25778514720758,-2280.0123783212875,287.5071047402057,323.7921294847322,-1148.9565090285093,2280.0123783212875,-825.1643795437772,-368.9825108420072,732.2163071387151,-264.99804146537537,-92.33168754286132,3.8395655645931925,-0.4719128126649024,114.59710382783379
2017,319.1697132383836,162.01996363406377,36.96789699714918,24.011629651264595,222.99949028247755,191.50182794303018,8.601048591202723,200.1028765342329,22.896613748244647,7.173805282440276,319.1697132383836,137.71696908895422,15.045317217235526,166.40742693219389,50.679936325502254,66.56297077287756,49.16451983381407,15.403880065867574,23.646365808438247,8.601048591202723,32.247414399640974,9.4585463233753,13.673320845759402,9.115547230506273,2.8560188678359943,86.17582257436358,63.83394264767673,36.96789699714918,15.045317217235526,176.1097647547209,-89.93394218035735,-28.177467488334923,32.698035206786514,32.85424798337615,-0.1562127765896335,-8.601048591202723,8.757261367792356,2.7437632721910785,81.176680812565,25.433704216143845,656.1875931536092,1198.1210288623233,219.37333237771387,-2369.946320501645,296.26436610799806,332.82331566854884,-1198.1210288623233,2369.946320501645,-865.2977131937745,-375.38681747270385,742.5348403065938,-271.1089672056368,-92.82345843595822,3.856981278435936,-0.4799950142251453,117.56105198102532
2018,327.14895606934317,165.9725937653437,37.936870026401444,24.68800229977852,228.59746609152367,196.2893736416059,8.855222389811459,205.14459603141734,23.452870060106335,7.168865932476097,327.14895606934317,141.07670470054214,15.467099292005797,170.60515207679524,58.88681209248175,68.2420608307181,43.476279153595385,13.289444562488551,24.322321681817257,8.855222389811459,33.177544071628716,9.728928672726903,14.069169239341088,9.379446159560725,2.8670261621047746,91.6017076994161,65.42979121386864,37.936870026401444,15.467099292005797,176.9256435584944,-85.32393585907829,-26.08106621651357,33.51548608695618,33.675604182960555,-0.16011809600437488,-8.855222389811459,9.015340485815834,2.755729559444146,76.30859537326245,23.325336657069425,679.6404632137155,1241.5973080159188,228.7527785372746,-2455.270256360723,305.2797065938139,342.0568814470502,-1241.5973080159188,2455.270256360723,-899.5404265688685,-379.5204859992728,750.505300661971,-274.96356319663755,-93.31520120428145,3.8737185241878795,-0.48517382306525464,120.59775979544935
2019,335.32767997107675,170.02552636013056,38.92968215460728,25.379382989825274,234.3345915045631,201.19660798264604,9.115155849295435,210.31176383194148,24.022827672621617,7.163985888279092,335.32767997107675,144.52169740611097,15.898285153837318,174.90769741112845,67.4723566876068,69.96307896445138,37.47226175907028,11.174819138790571,25.013441003132755,9.115155849295435,34.12859685242819,10.005376401253102,14.47393227070505,9.649288180470037,2.8775698389415165,97.24502719161225,67.06553599421535,38.92968215460728,15.898285153837318,178.8868308030559,-81.64180361144363,-24.346872771876615,40.44411874703899,41.82638889702526,-1.3822701499862688,-9.115155849295435,10.497425999281704,3.1304979058654347,71.14437761216193,21.216374866011183,703.6632908863371,1279.069569774989,238.40206671774462,-2536.912059972167,315.7771325930956,351.498471073854,-1279.069569774989,2536.912059972167,-927.571098701135,-381.438707918569,756.5471661006287,-276.6163231085312,-94.16971859296928,3.8898038018078696,-0.48752173811557237,123.70906247644254
2020,343.7108719703536,174.18124639565735,39.946932673537944,26.08619443499301,240.21437350418833,206.22652318221216,9.381001994918389,215.60752517713055,24.606848327057776,7.159170783861679,343.7108719703536,148.05405943630873,16.339138404936513,179.31767412910835,72.17928311377425,71.72706965164335,35.411321363690774,10.302648025269663,25.720140399854902,9.381001994918389,35.10114239477329,10.288056159941961,14.887851740898798,9.925234493932532,2.8876696384479286,102.19229108536356,68.74217439407072,39.946932673537944,16.339138404936513,184.9538059846666,-82.76151489930301,-24.078817881106048,51.55663079555302,54.99373951525655,-3.437108719703531,-9.381001994918389,12.81811071462192,3.7293294335267726,69.94340418468109,20.349488447579272,728.2701392133949,1314.48089113868,248.32730121167714,-2619.67357487147,328.5952433077175,361.1538552957656,-1314.48089113868,2619.67357487147,-953.3270358429143,-382.4379728238736,762.1736140768415,-277.3630727413075,-95.6022256217895,3.9052625611326395,-0.488697278920484,126.89684096631595
2021,352.30364376961245,178.442301316663,40.989235828744455,26.808868729378588,246.24040587478603,211.38218626176746,9.652917540345674,221.03510380211313,25.205302072672907,7.154425598037757,352.30364376961245,151.67595611916354,16.789928525166378,183.83775912528253,70.88814474491693,73.53510365011302,39.4145107302526,11.187653442502446,26.44284606551205,9.652917540345674,36.09576360585773,10.57713842620482,15.311175107791744,10.20745007186116,2.8973444505547836,105.69109313088376,70.4607287539225,40.989235828744455,16.789928525166378,195.765098845079,-90.07400571419524,-25.567151321630604,63.19949087227576,68.79331617133866,-5.5938252990629,-9.652917540345674,15.246742839408574,4.327727830535616,74.82726287478667,21.23942349109499,753.4754412860678,1353.8954018689326,258.5347512835383,-2709.747580585665,343.8419861471261,371.02893488028883,-1353.8954018689326,2709.747580585665,-982.8664669886438,-384.29787083164746,769.1511650551346,-278.98277079171663,-97.59819185179367,3.920119245276996,-0.4909747262335714,130.16302308737636
2022,361.1112348638527,182.81130259186804,42.05722119364735,27.547847611771463,252.41637139728684,216.6667409183116,9.931062981938915,226.5978039002505,25.818567497036327,7.1497547028052235,361.1112348638527,155.38960720308782,17.250931036790583,188.4706966239743,65.00002227549346,75.38827864958972,48.08239569889113,13.315120399679426,27.181994018729497,9.931062981938915,37.11305700066841,10.8727976074918,15.744155635905969,10.496103757270646,2.9066123520714937,107.36577582156006,72.22224697277055,42.05722119364735,17.250931036790583,208.73939003558218,-101.37361421402211,-28.07268354645413,71.33854488081074,78.38402915969583,-7.045484278885084,-9.931062981938915,16.976547260824,4.701196091897986,84.3970669531981,23.371487454556146,779.2940087831041,1401.9777975678237,269.03085504080894,-2811.121194799687,360.8185334079501,381.1297442221969,-1401.9777975678237,2811.121194799687,-1020.8480533456268,-388.23987243055507,778.464064088049,-282.69628712341506,-99.9189442399894,3.9343973320605548,-0.4959136257186858,133.50958471359417
2023,370.13901573544905,187.2909273094422,43.151534052976714,28.303582735700783,258.7460440981197,222.08340944126942,10.215602695376399,232.2990121366458,26.44703196147387,7.145161908674999,370.13901573544905,159.19728821302587,17.722427672891364,193.2192998495318,58.77318859213332,77.28771993981273,57.15839131758577,15.442411874364204,27.93803036826776,10.215602695376399,38.15363306364416,11.175212147307105,16.187052549802228,10.791368366534826,2.915490642101827,107.34031456328023,74.02780314708981,43.151534052976714,17.722427672891364,219.1743302901083,-111.83401572682806,-30.214057684413266,73.12200850283101,80.34362988868821,-7.221621385857205,-10.215602695376399,17.4372240812336,4.710993259272235,94.39679164559446,25.50306442514103,805.741040744578,1459.1361888854094,279.82222340734376,-2922.955210526515,378.2557574891837,391.4624550313722,-1459.1361888854094,2922.955210526515,-1067.6737338540372,-394.21301912368614,789.6911933800707,-288.4520919073119,-102.19289007877406,3.9481193735671245,-0.5034473574919627,136.9385509716303
2024,379.3924911288352,191.88391981243586,44.272835795795935,29.076535945510603,265.2332915537424,227.63549467730112,10.506705034657758,238.14219971195888,27.09109184178351,7.140650507124517,379.3924911288352,163.10133184057048,18.20470654956403,198.0864527387007,56.90887366932528,79.23458109548028,61.94299797389513,16.326890864284486,28.711411584221786,10.506705034657758,39.21811661887954,11.484564633688715,16.640131191114495,11.09342079407633,2.9239958758986595,106.22989751607388,75.87849822576705,44.272835795795935,18.20470654956403,222.88805118293527,-116.65815366686141,-30.748672257524014,68.05893922512692,74.0828772475756,-6.023938022448675,-10.506705034657758,16.53064305710643,4.357135010216348,100.12751060975498,26.391537247307667,832.8321325863615,1521.0791868593046,290.9156442014201,-3039.6133641933766,394.7864005462901,402.03338010416417,-1521.0791868593046,3039.6133641933766,-1119.0458067551403,-400.92495830202716,801.1791048234468,-294.9572890664121,-104.05751557487399,3.9613070339357668,-0.5119243528365826,140.4519974719545
